problem,strategy,seed,epochs_run,best_epoch,presentations,presentations_total,rho,subset_final,subset_mean,subset_frac_mean,converged,operator_calls,operator_evals,train_mse,train_rmse,val_mse,val_rmse,gen_mse,gen_rmse,eta,alpha,lam,p_seed_frac,p_growth,p_rho_max,p_committee
concrete,uncertainty,1003,200,177,275475,318117,1.346464702285536,618,530.195,0.8579207119741101,1,49,43953,0.0032036888503219744,5.521030974721383,0.005360774951297272,7.141818461277043,0.004313653954064268,6.406453379547652,0.3,0.9,1e-06,0.05,0.02,1.05,3
concrete,uncertainty,1003,200,199,312105,313959,1.1667816054554527,618,523.265,0.8467071197411004,1,49,43953,0.004505805170030595,6.5475861788775545,0.006461058744310712,7.840556046656462,0.005257290590157777,7.072549735352596,0.3,0.9,1e-06,0.05,0.02,1.15,3
concrete,uncertainty,1003,200,195,189873,199143,1.4258676039755536,618,331.905,0.5370631067961165,1,49,43953,0.0033597625604902103,5.653915479189917,0.005525736186092355,7.250869554804644,0.004790576592052947,6.751323413862879,0.3,0.9,1e-06,0.05,0.02,1.3,3
concrete,uncertainty,1003,200,156,256761,338337,1.4565009763199555,618,563.895,0.9124514563106796,1,19,17556,0.0037535932725537577,5.97611057855745,0.0058929218752785525,7.48790559888443,0.005467112266182564,7.2123038476799834,0.3,0.9,1e-06,0.05,0.05,1.05,3
concrete,uncertainty,1003,200,166,278370,341406,1.716262823220331,618,569.01,0.9207281553398058,1,19,17556,0.0027861007037801055,5.1486506383045265,0.005310955709897738,7.108555501823909,0.004781681059645795,6.745052298008443,0.3,0.9,1e-06,0.05,0.05,1.15,3
concrete,uncertainty,1003,200,165,257373,322263,1.294593429460543,618,537.105,0.8691019417475728,1,19,17556,0.003145964078487667,5.471065302002917,0.005544286071175222,7.263029934900403,0.004072744425329026,6.224989134726882,0.3,0.9,1e-06,0.05,0.05,1.3,3
concrete,uncertainty,1003,200,181,318744,353970,1.4278083436200932,618,589.95,0.954611650485437,1,10,9240,0.0034395280680290094,5.720637750690588,0.005551694705798592,7.267880980692587,0.004910986873647319,6.83564350969888,0.3,0.9,1e-06,0.05,0.1,1.05,3
concrete,uncertainty,1003,200,174,278172,326376,1.361794934267986,618,543.96,0.8801941747572816,1,10,9240,0.003396657970331789,5.684875100672223,0.0053888666553771,7.160506403555047,0.00462555161743881,6.634020124587355,0.3,0.9,1e-06,0.05,0.1,1.15,3
concrete,uncertainty,1003,200,188,278802,301050,1.2830397469882213,618,501.75,0.8118932038834952,1,10,9240,0.0029729813082659358,5.3185238138291115,0.004982104383155791,6.88496013588107,0.0038144531855582374,6.024363427965829,0.3,0.9,1e-06,0.05,0.1,1.3,3
concrete,uncertainty,1003,200,200,308028,308028,1.3367546614699624,618,513.38,0.8307119741100324,1,47,39480,0.002742211958706383,5.107936963168435,0.00452539469845319,6.561803950400053,0.003665664618539433,5.9057000121783405,0.3,0.9,1e-06,0.1,0.02,1.05,3
concrete,uncertainty,1003,200,176,245196,289692,1.4783973983168734,618,482.82,0.7812621359223301,1,47,39480,0.004023027672693475,6.186877666045939,0.006135687564342714,7.6405854512264355,0.00594763364466682,7.522585344322645,0.3,0.9,1e-06,0.1,0.02,1.15,3
concrete,uncertainty,1003,200,196,257892,265308,1.2167107366334642,618,442.18,0.7155016181229774,1,47,39480,0.0053069362876982575,7.105865054435841,0.007298324642763902,8.33310027026419,0.006457006359872209,7.838096857524952,0.3,0.9,1e-06,0.1,0.02,1.3,3
concrete,uncertainty,1003,200,196,337791,345207,1.4730290056224573,618,575.345,0.9309789644012946,1,18,15795,0.0027195991572676204,5.086832856065822,0.0046389809760334685,6.643643416256738,0.004006048442321596,6.173807970316934,0.3,0.9,1e-06,0.1,0.05,1.05,3
concrete,uncertainty,1003,200,200,332445,332445,1.266922202471732,618,554.075,0.8965614886731392,1,18,15795,0.0030398543221583497,5.378007512779736,0.004755429224953501,6.726511360473483,0.0038512589330220704,6.053358264298394,0.3,0.9,1e-06,0.1,0.05,1.15,3
concrete,uncertainty,1003,200,178,258060,298848,1.5976323448435734,618,498.08,0.8059546925566343,1,18,15795,0.0028147183114943597,5.175025427359564,0.0048905207451666755,6.821385151761426,0.004496885016066878,6.541101831505946,0.3,0.9,1e-06,0.1,0.05,1.3,3
concrete,uncertainty,1003,200,177,316332,358974,1.4579230145397954,618,598.29,0.9681067961165047,1,9,8316,0.002652771085779821,5.023945348510076,0.00488928077387001,6.820520329951689,0.0038675360182641233,6.066136831115666,0.3,0.9,1e-06,0.1,0.1,1.05,3
concrete,uncertainty,1003,200,199,316950,318804,1.5590258424206922,618,531.34,0.8597734627831716,1,9,8316,0.0037916828387802247,6.006355319067677,0.0057867392259530704,7.4201378679666625,0.0059113315319214215,7.4995926940257345,0.3,0.9,1e-06,0.1,0.1,1.15,3
concrete,uncertainty,1003,200,194,328494,339618,1.3378143567628535,618,566.03,0.9159061488673139,1,9,8316,0.003168560169834001,5.490678288086869,0.005365070302129849,7.144679099306116,0.004238945285470872,6.35073402216144,0.3,0.9,1e-06,0.1,0.1,1.3,3
concrete,uncertainty,1003,200,179,278886,317820,1.408477686972817,618,529.7,0.8571197411003237,1,42,31248,0.003806450198404682,6.018040343654373,0.00578299510791214,7.4177370022751035,0.005361300171026247,7.142168311076646,0.3,0.9,1e-06,0.2,0.02,1.05,3
concrete,uncertainty,1003,200,192,247518,262350,1.431302480368458,618,437.25,0.7075242718446602,1,42,31248,0.003248862654427508,5.5598195301740345,0.00539249212071725,7.162914683867914,0.004650105175658545,6.651604320079549,0.3,0.9,1e-06,0.2,0.02,1.15,3
concrete,uncertainty,1003,200,200,219846,219846,1.3600096670123145,618,366.41,0.5928964401294499,1,42,31248,0.0031257875903344715,5.453492875622593,0.004936626589192289,6.853464346577566,0.00425110133988201,6.359833526364609,0.3,0.9,1e-06,0.2,0.02,1.3,3
concrete,uncertainty,1003,200,152,244167,333159,1.2136893065967975,618,555.265,0.8984870550161812,1,16,12552,0.0035938539213498217,5.847567302468869,0.005566666013674194,7.277674064718753,0.004361822073813247,6.442122691441112,0.3,0.9,1e-06,0.2,0.05,1.05,3
concrete,uncertainty,1003,200,173,244656,294714,1.480929467797351,618,491.19,0.7948058252427185,1,16,12552,0.0036605278794469643,5.901560697989171,0.005717301011192722,7.3754843839683195,0.005420983604366759,7.181812551732535,0.3,0.9,1e-06,0.2,0.05,1.15,3
concrete,uncertainty,1003,200,191,245751,262437,1.3011720258774104,618,437.395,0.7077588996763754,1,16,12552,0.0038011434535582095,6.013843869037871,0.005888721082546716,7.485236231479647,0.004945941528116992,6.859927212893405,0.3,0.9,1e-06,0.2,0.05,1.3,3
concrete,uncertainty,1003,200,185,316524,344334,1.4201544642543065,618,573.89,0.9286245954692557,1,8,6648,0.002648503438153349,5.0199025838371485,0.004954841528451788,6.866096504739449,0.0037612839812863584,5.982229649607727,0.3,0.9,1e-06,0.2,0.1,1.05,3
concrete,uncertainty,1003,200,168,244434,303762,1.532986860704971,618,506.27,0.8192071197411003,1,8,6648,0.0032129883411397497,5.529038239859511,0.0050789253335805805,6.951538508308776,0.004925468910565498,6.845714924121186,0.3,0.9,1e-06,0.2,0.1,1.15,3
concrete,uncertainty,1003,200,190,246006,264546,1.6015388679238212,618,440.91,0.7134466019417476,1,8,6648,0.00302027695411274,5.360661731059726,0.005035484803775264,6.921746083250745,0.004837090933906124,6.784020392708908,0.3,0.9,1e-06,0.2,0.1,1.3,3
