problem,strategy,seed,epochs_run,best_epoch,presentations,presentations_total,rho,subset_final,subset_mean,subset_frac_mean,converged,operator_calls,operator_evals,train_mse,train_accuracy,train_macro_f1,train_error_rate,val_mse,val_accuracy,val_macro_f1,val_error_rate,gen_mse,gen_accuracy,gen_macro_f1,gen_error_rate,eta,alpha,lam,p_beta
optdigits,sasla,1000,60,60,198267,198267,1.0827306038757984,3209,3304.45,0.9799673784104389,1,60,202320,0.008566778242675195,0.9712336892052195,0.9711967972327418,0.028766310794780536,0.009428046663802992,0.9617437722419929,0.9617986613536813,0.03825622775800708,0.009275512979961766,0.9626334519572953,0.9626013304114057,0.03736654804270467,0.01,0.0,1e-06,0.5
optdigits,sasla,1001,60,60,198286,198286,1.0782390188587598,3234,3304.766666666667,0.9800612890470543,1,60,202320,0.008582412906035626,0.970344009489917,0.9703362668787718,0.029655990510083052,0.009262946726868835,0.9626334519572953,0.9625885728150742,0.03736654804270467,0.00925389247124461,0.9661921708185054,0.9660588295470196,0.03380782918149461,0.01,0.0,1e-06,0.5
optdigits,sasla,1002,60,60,198185,198185,1.1324966133381786,3217,3303.0833333333335,0.9795620798734678,1,60,202320,0.008543788638291307,0.9733096085409253,0.9733259245856655,0.026690391459074703,0.008818114422593374,0.9688612099644128,0.9686828558068081,0.03113879003558717,0.009675811697942113,0.9608540925266904,0.9608750528795887,0.039145907473309594,0.01,0.0,1e-06,0.5
optdigits,sasla,1000,60,60,194008,194008,1.1303192747038748,3113,3233.4666666666667,0.958916567813365,1,60,202320,0.006549804627842857,0.9798339264531435,0.97983223342805,0.02016607354685651,0.0074901745094329494,0.9768683274021353,0.9769474902540474,0.02313167259786475,0.00740337041639542,0.9697508896797153,0.9697824744364218,0.030249110320284656,0.01,0.5,1e-06,0.5
optdigits,sasla,1001,60,59,190736,193846,1.0970628129792943,3080,3230.766666666667,0.9581158560695928,1,60,202320,0.006328832085534555,0.9798339264531435,0.9798738155837767,0.02016607354685651,0.007245243489569028,0.9724199288256228,0.9724718989479667,0.02758007117437722,0.006943126330630152,0.9733096085409253,0.9732972363275559,0.026690391459074703,0.01,0.5,1e-06,0.5
optdigits,sasla,1002,60,60,194068,194068,1.193720268451948,3143,3234.4666666666667,0.9592131277184658,1,60,202320,0.006415334027850004,0.982502965599051,0.9825510120117901,0.017497034400948963,0.00687186405523406,0.9768683274021353,0.9768798896735564,0.02313167259786475,0.007658114257934023,0.9688612099644128,0.9689021068577081,0.03113879003558717,0.01,0.5,1e-06,0.5
optdigits,sasla,1000,60,59,179144,182113,1.7435078023565804,2921,3035.2166666666667,0.9001235666271253,1,60,202320,0.0019462601165098326,0.998220640569395,0.9982290365929659,0.001779359430605032,0.00311852389480066,0.9911032028469751,0.9911173885805653,0.008896797153024938,0.0033933196985503206,0.9839857651245552,0.9840238653146784,0.016014234875444844,0.01,0.9,1e-06,0.5
optdigits,sasla,1001,60,58,173429,179066,1.6598730583715051,2810,2984.4333333333334,0.8850632661130882,1,60,202320,0.0019101361898241828,0.9988137603795967,0.998815110865164,0.0011862396204033177,0.0033914216530274957,0.9822064056939501,0.9822429654687319,0.017793594306049876,0.00317058359930956,0.9884341637010676,0.9884816335752866,0.011565836298932375,0.01,0.9,1e-06,0.5
optdigits,sasla,1002,60,59,175703,178547,1.8234421931327998,2910,2975.7833333333333,0.882498022933966,1,60,202320,0.0019612303655948877,0.9985172004744959,0.9985248934326634,0.0014827995255041193,0.003203704830666736,0.9839857651245552,0.983958946721382,0.016014234875444844,0.0035761901990789846,0.9830960854092526,0.9831359865236298,0.01690391459074736,0.01,0.9,1e-06,0.5
optdigits,sasla,1000,60,60,187116,187116,1.3062158066648675,2995,3118.6,0.9248517200474495,1,60,202320,0.003440699012794948,0.9925860023724793,0.9925986917556882,0.007413997627520708,0.004354514631601557,0.9866548042704626,0.9867215374790101,0.013345195729537407,0.004494295436488966,0.9777580071174378,0.9777761424344596,0.022241992882562234,0.05,0.0,1e-06,0.5
optdigits,sasla,1001,60,60,186559,186559,1.284598258196572,2961,3109.3166666666666,0.9220986555950968,1,60,202320,0.0033390070912630134,0.9931791221826809,0.9931910787601701,0.006820877817319104,0.004443478234779024,0.9822064056939501,0.9822705228647297,0.017793594306049876,0.004289282693542469,0.9830960854092526,0.9831452833265317,0.01690391459074736,0.05,0.0,1e-06,0.5
optdigits,sasla,1002,60,60,186151,186151,1.4412844463424275,2940,3102.516666666667,0.9200820482404113,1,60,202320,0.003360763439306208,0.9943653618030842,0.9943711489283571,0.005634638196915787,0.004265909042651174,0.9822064056939501,0.9821483673553233,0.017793594306049876,0.00484381607290832,0.9786476868327402,0.9787029066340281,0.02135231316725983,0.05,0.0,1e-06,0.5
optdigits,sasla,1000,60,60,182212,182212,1.7130450855580495,2953,3036.866666666667,0.9006128904705417,1,60,202320,0.0019548882205748285,0.998220640569395,0.998231249348812,0.001779359430605032,0.003110400403315775,0.9902135231316725,0.9902320086447816,0.009786476868327454,0.00334881165907103,0.9848754448398577,0.9848896661804792,0.015124555160142328,0.05,0.5,1e-06,0.5
optdigits,sasla,1001,60,60,178259,178259,1.680256072171012,2785,2970.983333333333,0.881074535389482,1,60,202320,0.0018526616693429142,0.9988137603795967,0.9988151314057921,0.0011862396204033177,0.0032809064927844535,0.9839857651245552,0.9840425413052387,0.016014234875444844,0.0031129460195919154,0.9884341637010676,0.9884818320408983,0.011565836298932375,0.05,0.5,1e-06,0.5
optdigits,sasla,1002,60,59,175791,178644,1.833681941432703,2824,2977.4,0.8829774614472123,1,60,202320,0.0019057783110000856,0.9988137603795967,0.9988220788031548,0.0011862396204033177,0.003205508744189498,0.9813167259786477,0.9812608303057079,0.01868327402135228,0.0034945912732549747,0.9822064056939501,0.9822474209483347,0.017793594306049876,0.05,0.5,1e-06,0.5
optdigits,sasla,1000,60,56,147168,157583,3.4310778823784527,2596,2626.383333333333,0.7788799920917359,1,60,202320,0.0007258612906068579,1.0,1.0,0.0,0.0023409129838441755,0.9875444839857651,0.9875202617861669,0.01245551601423489,0.0024904866198758686,0.9875444839857651,0.9876252258510207,0.01245551601423489,0.05,0.9,1e-06,0.5
optdigits,sasla,1001,60,54,140546,155867,3.293129047766553,2494,2597.7833333333333,0.7703983788058522,1,60,202320,0.0006771315057295197,1.0,1.0,0.0,0.002387529955417544,0.9839857651245552,0.9839807561028188,0.016014234875444844,0.0022298814306757854,0.9902135231316725,0.9902211014899326,0.009786476868327454,0.05,0.9,1e-06,0.5
optdigits,sasla,1002,60,59,153692,156233,3.8448152957340493,2560,2603.883333333333,0.7722073942269672,1,60,202320,0.000675688910442159,1.0,1.0,0.0,0.0024038695372875746,0.9857651245551602,0.9857763567424256,0.014234875444839812,0.002597899058025887,0.9857651245551602,0.9858288273631743,0.014234875444839812,0.05,0.9,1e-06,0.5
optdigits,sasla,1000,60,60,182437,182437,1.7527256958321038,2953,3040.616666666667,0.9017249901146699,1,60,202320,0.0019274335573161152,0.9988137603795967,0.998822119843987,0.0011862396204033177,0.003096437715970379,0.9902135231316725,0.9902320086447816,0.009786476868327454,0.003378262322917035,0.9857651245551602,0.9857752632691209,0.014234875444839812,0.1,0.0,1e-06,0.5
optdigits,sasla,1001,60,58,173229,178817,1.6828553570892988,2736,2980.2833333333333,0.8838325425069197,1,60,202320,0.0018975717103262445,0.9994068801897983,0.9994100089629907,0.0005931198102017143,0.0033095608284152756,0.9839857651245552,0.9840197925752687,0.016014234875444844,0.0031933387181836237,0.9893238434163701,0.9893397218705464,0.010676156583629859,0.1,0.0,1e-06,0.5
optdigits,sasla,1002,60,60,178577,178577,1.860464669537562,2863,2976.2833333333333,0.8826463028865164,1,60,202320,0.0019058089835380203,0.9991103202846975,0.9991188931422339,0.000889679715302516,0.0031731550376336956,0.9830960854092526,0.9830836674085519,0.01690391459074736,0.00354569028075978,0.9822064056939501,0.9822474209483347,0.017793594306049876,0.1,0.0,1e-06,0.5
optdigits,sasla,1000,60,60,174138,174138,2.2703663055908754,2843,2902.3,0.86070581257414,1,60,202320,0.001233391347355457,1.0,1.0,0.0,0.0026857553069605817,0.9884341637010676,0.9884280403726734,0.011565836298932375,0.0028002501566431613,0.9866548042704626,0.9866763650527016,0.013345195729537407,0.1,0.5,1e-06,0.5
optdigits,sasla,1001,60,60,172400,172400,2.17309049875002,2781,2873.3333333333335,0.852115460656386,1,60,202320,0.0011599612041666577,1.0,1.0,0.0,0.0025898885031500783,0.9866548042704626,0.9866526562387694,0.013345195729537407,0.002520700671693196,0.9911032028469751,0.9911297276197668,0.008896797153024938,0.1,0.5,1e-06,0.5
optdigits,sasla,1002,60,60,171250,171250,2.4741524518463676,2750,2854.1666666666665,0.8464313958086199,1,60,202320,0.0011756311779823599,1.0,1.0,0.0,0.0025971474705362937,0.9866548042704626,0.9866558396609362,0.013345195729537407,0.002908690761472089,0.9848754448398577,0.9849628750736908,0.015124555160142328,0.1,0.5,1e-06,0.5
optdigits,sasla,1000,60,48,115243,143697,4.393247656637324,2418,2394.95,0.7102461447212336,1,60,202320,0.0005259764403048081,1.0,1.0,0.0,0.002345741258344401,0.9875444839857651,0.9875081841773149,0.01245551601423489,0.002310744763815539,0.9857651245551602,0.9857946601331127,0.014234875444839812,0.1,0.9,1e-06,0.5
optdigits,sasla,1001,60,48,116705,144849,4.421161810384867,2326,2414.15,0.7159400948991697,1,60,202320,0.0005051184553205404,1.0,1.0,0.0,0.0023881214207769506,0.9848754448398577,0.9848670797884376,0.015124555160142328,0.0022332104243837684,0.9884341637010676,0.9884353287671438,0.011565836298932375,0.1,0.9,1e-06,0.5
optdigits,sasla,1002,60,50,121024,144762,5.251190794675768,2348,2412.7,0.7155100830367733,1,60,202320,0.0004656829543563461,1.0,1.0,0.0,0.002346179565984386,0.9848754448398577,0.9848939973629636,0.015124555160142328,0.0024453900431534604,0.9839857651245552,0.9840671857485491,0.016014234875444844,0.1,0.9,1e-06,0.5
optdigits,sasla,1000,60,55,151291,164652,2.838438204401859,2676,2744.2,0.8138196915776986,1,60,202320,0.0009656149480185658,0.9997034400948992,0.9997049627613397,0.00029655990510080166,0.0025188355264904147,0.9884341637010676,0.9884347637126313,0.011565836298932375,0.0027408383591974125,0.9866548042704626,0.986700334640803,0.013345195729537407,0.3,0.0,1e-06,0.5
optdigits,sasla,1001,60,59,162756,165444,2.7517643865606813,2639,2757.4,0.8177342823250296,1,60,202320,0.0008533653619888297,1.0,1.0,0.0,0.002403949416962073,0.9866548042704626,0.9866789752753503,0.013345195729537407,0.0023482604118453257,0.9893238434163701,0.989344064897874,0.010676156583629859,0.3,0.0,1e-06,0.5
optdigits,sasla,1002,60,60,165163,165163,2.893344105631025,2656,2752.7166666666667,0.8163453934361408,1,60,202320,0.0009376061855315386,1.0,1.0,0.0,0.002537345583317496,0.9848754448398577,0.9848919622103945,0.015124555160142328,0.0027128173303108665,0.9857651245551602,0.9858116810545277,0.014234875444839812,0.3,0.0,1e-06,0.5
optdigits,sasla,1000,60,59,154154,156747,3.726167494123163,2563,2612.45,0.7747479240806643,1,60,202320,0.0006654603000657459,1.0,1.0,0.0,0.0022884247944157743,0.9848754448398577,0.9848630693673235,0.015124555160142328,0.0024796165387344286,0.9848754448398577,0.984877691248899,0.015124555160142328,0.3,0.5,1e-06,0.5
optdigits,sasla,1001,60,52,133942,153968,3.560521935631942,2513,2566.133333333333,0.7610122578094108,1,60,202320,0.0006057457361008722,1.0,1.0,0.0,0.002312196546980671,0.9866548042704626,0.986640637246498,0.013345195729537407,0.002156770980802673,0.9911032028469751,0.9911404224816851,0.008896797153024938,0.3,0.5,1e-06,0.5
optdigits,sasla,1002,60,60,151615,151615,4.027785186427356,2467,2526.9166666666665,0.7493821668643732,1,60,202320,0.0006160063641607927,1.0,1.0,0.0,0.002343360711112647,0.9857651245551602,0.9857705459351953,0.014234875444839812,0.002481141308311816,0.9848754448398577,0.9849226560410831,0.015124555160142328,0.3,0.5,1e-06,0.5
optdigits,sasla,1000,60,41,84376,123683,7.84151612902578,2050,2061.383333333333,0.6113236457097667,1,60,202320,0.0003509798200134519,1.0,1.0,0.0,0.0024506780102872684,0.9875444839857651,0.987507916394326,0.01245551601423489,0.002752213919598048,0.9759786476868327,0.97617480116349,0.024021352313167266,0.3,0.9,1e-06,0.5
optdigits,sasla,1001,60,34,68679,120609,3.798305769145294,1912,2010.15,0.5961298932384342,1,60,202320,0.0007169926979593754,0.9994068801897983,0.9994086087353988,0.0005931198102017143,0.0029754896413295407,0.9813167259786477,0.981306137326954,0.01868327402135228,0.002723357501094145,0.9839857651245552,0.9840802887062841,0.016014234875444844,0.3,0.9,1e-06,0.5
optdigits,sasla,1002,60,56,120161,128694,7.322818816469068,2237,2144.9,0.6360913404507711,1,60,202320,0.0003461958531248629,1.0,1.0,0.0,0.00247479603490787,0.9848754448398577,0.984869601790526,0.015124555160142328,0.0025351295074463077,0.9813167259786477,0.9814020459899592,0.01868327402135228,0.3,0.9,1e-06,0.5
