problem,strategy,seed,epochs_run,best_epoch,presentations,presentations_total,rho,subset_final,subset_mean,subset_frac_mean,converged,operator_calls,operator_evals,train_mse,train_rmse,val_mse,val_rmse,gen_mse,gen_rmse,eta,alpha,lam
auto_mpg,passive,1,300,278,66442,71700,1.1377806440182054,239,239.0,1.0,1,0,0,0.003786563742635129,2.584472565536026,0.003925685518666424,2.6315222315092788,0.004308278933711383,2.7567742089382072,0.05,0.9,1e-06
auto_mpg,passive,2,300,272,65008,71700,0.6197176102094075,239,239.0,1.0,1,0,0,0.003450350115295873,2.613915801209873,0.00444366545594,2.966406667860154,0.002138242727836912,2.05773058532915,0.05,0.9,1e-06
auto_mpg,passive,3,300,94,22466,71700,1.6011287595080619,239,239.0,1.0,1,0,0,0.0026109089926774887,2.4015615679854165,0.003161455079428403,2.6426604531148805,0.004180401476634151,3.038833141501,0.05,0.9,1e-06
auto_mpg,passive,4,300,298,71222,71700,1.505281288963289,239,239.0,1.0,1,0,0,0.003224687965885979,2.526991955754056,0.004438877367987429,2.9648080727016892,0.004854062457793252,3.100364040245127,0.05,0.9,1e-06
auto_mpg,passive,5,300,263,62857,71700,1.111956341608159,239,239.0,1.0,1,0,0,0.0032651673301367203,2.614230153397801,0.0035188754518145978,2.7138950330408305,0.003630723519157307,2.756688456430322,0.05,0.9,1e-06
auto_mpg,passive,6,300,270,64530,71700,0.8569848579360151,239,239.0,1.0,1,0,0,0.003963508533380756,2.7228643798345966,0.0042839264230384285,2.8307864842998702,0.003396666797407491,2.520650220920299,0.05,0.9,1e-06
auto_mpg,passive,7,300,273,65247,71700,1.891316395450647,239,239.0,1.0,1,0,0,0.003055760145752468,2.418453204835548,0.0030640068710254364,2.4217144033870146,0.0057794092642263015,3.3259811401762573,0.05,0.9,1e-06
auto_mpg,passive,8,300,77,18403,71700,1.4214558489806028,239,239.0,1.0,1,0,0,0.003038990995342111,2.590971074464307,0.0034617331037225052,2.7653152489586095,0.004319791525328427,3.089080685163548,0.05,0.9,1e-06
auto_mpg,passive,9,300,209,49951,71700,1.45733583410148,239,239.0,1.0,1,0,0,0.0028899178242735436,2.3922290382648743,0.003944878456456077,2.7949679002444987,0.004211580802922419,2.8879028524150736,0.05,0.9,1e-06
auto_mpg,passive,10,300,286,68354,71700,2.0606323946002183,239,239.0,1.0,1,0,0,0.0027502510291177685,2.3140401306728933,0.003616026384992814,2.653386491258534,0.005667256363882662,3.3217821559157406,0.05,0.9,1e-06
auto_mpg,passive,11,300,290,69310,71700,1.4349743966180342,239,239.0,1.0,1,0,0,0.0033797683676261296,2.514372280941638,0.004616378664279484,2.93857530364653,0.004849881074043024,3.0119770361947653,0.05,0.9,1e-06
auto_mpg,passive,12,300,295,70505,71700,1.3401153723443893,239,239.0,1.0,1,0,0,0.0030504851040717143,2.5268272553028046,0.0031775573491429772,2.5789195662312876,0.004088001981074079,2.9251399362273016,0.05,0.9,1e-06
auto_mpg,passive,13,300,300,71700,71700,1.0216500228083718,239,239.0,1.0,1,0,0,0.0030880785579475954,2.5423495878211138,0.0036596577216585547,2.767651050988719,0.0031549355291612046,2.5697231847039426,0.05,0.9,1e-06
auto_mpg,passive,14,300,291,69549,71700,1.18872678143025,239,239.0,1.0,1,0,0,0.003540583617274996,2.796631761702006,0.004751676082462758,3.2398229066046547,0.004208786567747978,3.0491325861882888,0.05,0.9,1e-06
auto_mpg,passive,15,300,296,70744,71700,1.1466660683903689,239,239.0,1.0,1,0,0,0.0031826369663442277,2.510461481999506,0.004374001081288189,2.9430622897283256,0.0036494218173117863,2.688264784899669,0.05,0.9,1e-06
auto_mpg,passive,16,300,296,70744,71700,1.196247362569017,239,239.0,1.0,1,0,0,0.0035962612189828344,2.6686131752074442,0.00471261709653279,3.054858426410144,0.004302017998317454,2.9187447886322877,0.05,0.9,1e-06
auto_mpg,passive,17,300,280,66920,71700,1.2513148966871817,239,239.0,1.0,1,0,0,0.003986094972896791,2.8095310231565107,0.008478781253299164,4.097573254603958,0.004987860019195642,3.1428028578025966,0.05,0.9,1e-06
auto_mpg,passive,18,300,281,67159,71700,0.9215273029379549,239,239.0,1.0,1,0,0,0.0030064046010796538,2.5770424450879643,0.004012167293256936,2.9770585400365532,0.0027704839235731917,2.4738631706651,0.05,0.9,1e-06
auto_mpg,passive,19,300,295,70505,71700,1.2895256430932776,239,239.0,1.0,1,0,0,0.00394405057213884,2.9516787958473225,0.004603032172940907,3.1887455323412794,0.005085954350429747,3.3518462315713875,0.05,0.9,1e-06
auto_mpg,passive,20,300,291,69549,71700,0.7700146795823251,239,239.0,1.0,1,0,0,0.004521988458294857,3.0764922342645002,0.005110384220074313,3.2705280264246768,0.0034819974937888866,2.6996367124751255,0.05,0.9,1e-06
auto_mpg,passive,21,300,276,65964,71700,1.5675072122095863,239,239.0,1.0,1,0,0,0.003263302691097654,2.684890248154423,0.004216057997437534,3.05176540978161,0.005115250503918524,3.361486034948832,0.05,0.9,1e-06
auto_mpg,passive,22,300,225,53775,71700,1.146235987147845,239,239.0,1.0,1,0,0,0.003375960930443784,2.585584388975015,0.006142440496541503,3.4876306847595417,0.0038696479096797876,2.7681889879745207,0.05,0.9,1e-06
auto_mpg,passive,23,300,202,48278,71700,1.5226333360199362,239,239.0,1.0,1,0,0,0.002846359599465374,2.287436339679416,0.005617535835110843,3.213490784628132,0.004333962012446332,2.8225827512290786,0.05,0.9,1e-06
auto_mpg,passive,24,300,275,65725,71700,0.807187179453697,239,239.0,1.0,1,0,0,0.003485997177568415,2.774989687413023,0.0030892179777029746,2.6122944919640805,0.0028138522293449974,2.49315053188192,0.05,0.9,1e-06
auto_mpg,passive,25,300,164,39196,71700,1.3635710628631639,239,239.0,1.0,1,0,0,0.0030898344811935118,2.473589442770051,0.0038801672933272877,2.7719490043309527,0.004213208887592289,2.8884609915411064,0.05,0.9,1e-06
auto_mpg,passive,26,300,293,70027,71700,1.4426342697590073,239,239.0,1.0,1,0,0,0.0031241866946094717,2.3824998459990896,0.004281606376279717,2.7891236051854786,0.004507058790768742,2.861613681696319,0.05,0.9,1e-06
auto_mpg,passive,27,300,293,70027,71700,0.927256750681158,239,239.0,1.0,1,0,0,0.0036613119965484735,2.768276510895496,0.004372920149253659,3.0253586861556165,0.0033949762651494806,2.66568893702443,0.05,0.9,1e-06
auto_mpg,passive,28,300,264,63096,71700,1.0277828074701,239,239.0,1.0,1,0,0,0.002940754651843505,2.548750090911681,0.003054209501550198,2.5974504401286245,0.003022457072152474,2.5839132478442104,0.05,0.9,1e-06
auto_mpg,passive,29,300,284,67876,71700,1.2198333678107864,239,239.0,1.0,1,0,0,0.003290854220874549,2.6244930105982824,0.004136154562953781,2.94231711579878,0.004014293787223742,2.8986493044211112,0.05,0.9,1e-06
auto_mpg,passive,30,300,257,61423,71700,0.9314399473537676,239,239.0,1.0,1,0,0,0.003550080591780713,2.6514235972159854,0.0035445896844692767,2.649372326169028,0.0033066868795098596,2.558919047791352,0.05,0.9,1e-06
