problem,strategy,seed,epochs_run,best_epoch,presentations,presentations_total,rho,subset_final,subset_mean,subset_frac_mean,converged,operator_calls,operator_evals,train_mse,train_rmse,val_mse,val_rmse,gen_mse,gen_rmse,eta,alpha,lam,p_beta
auto_mpg,sasla,1,300,287,60946,63546,1.1515124198885103,195,211.82,0.886276150627615,1,300,71700,0.0038965198125415737,2.6217286185498554,0.004103978389857863,2.6906166355891856,0.004486890958483272,2.813338879474794,0.05,0.9,1e-06,0.5
auto_mpg,sasla,2,300,292,63014,64657,0.8233971869948398,207,215.52333333333334,0.9017712691771269,1,300,71700,0.004181394771137597,2.8775348817251944,0.004439910063976802,2.9651529309953073,0.003442948692269629,2.6111107115300443,0.05,0.9,1e-06,0.5
auto_mpg,sasla,3,300,285,59659,62723,1.62369485853608,202,209.07666666666665,0.8747977684797767,1,300,71700,0.002740970173881626,2.460650953326073,0.0034939109916394227,2.77813775405963,0.004450499178732341,3.135466900769284,0.05,0.9,1e-06,0.5
auto_mpg,sasla,4,300,288,62281,64761,1.5537325887240405,203,215.87,0.9032217573221758,1,300,71700,0.00328289230790626,2.549695568637827,0.004669415388609712,3.0408238724553547,0.005100736764065433,3.1781651903323986,0.05,0.9,1e-06,0.5
auto_mpg,sasla,5,300,293,63429,64858,1.0807813774385184,201,216.19333333333333,0.9045746164574616,1,300,71700,0.003270309241436383,2.6162877587631566,0.003079925176300586,2.5389911164320065,0.0035344893266095303,2.7199093856554595,0.05,0.9,1e-06,0.5
auto_mpg,sasla,6,300,299,64672,64889,0.7784470309631086,212,216.29666666666665,0.9050069735006973,1,300,71700,0.0038629318814309105,2.6880951466529432,0.004408596476135017,2.871681605939333,0.0030070878539126275,2.371696813198188,0.05,0.9,1e-06,0.5
auto_mpg,sasla,7,300,292,60723,62243,2.207655885512108,186,207.47666666666666,0.8681032078103208,1,300,71700,0.0029780962646162464,2.3875222263870204,0.003307850425733975,2.516233783953001,0.0065746117462016805,3.5474241070760275,0.05,0.9,1e-06,0.5
auto_mpg,sasla,8,300,95,21552,65932,1.4964435984218831,218,219.77333333333334,0.9195536959553696,1,300,71700,0.0028463407298456194,2.5075020782102997,0.0036179300863160434,2.827013894672635,0.004259388364104948,3.0674075204165208,0.05,0.9,1e-06,0.5
auto_mpg,sasla,9,300,245,52555,63880,1.5603343433656367,209,212.93333333333334,0.8909344490934449,1,300,71700,0.0029627974111610263,2.422205518417383,0.003935288541656984,2.7915685796011247,0.004622954553069348,3.025657904277279,0.05,0.9,1e-06,0.5
auto_mpg,sasla,10,300,298,62215,62597,1.9517613833635035,193,208.65666666666667,0.8730404463040446,1,300,71700,0.0031248333634095377,2.46659672100643,0.003775618366122369,2.7113074250031515,0.0060989290881486285,3.4459701435723984,0.05,0.9,1e-06,0.5
auto_mpg,sasla,11,300,283,61831,65375,1.1918127336400233,205,217.91666666666666,0.9117852161785216,1,300,71700,0.003774360486806881,2.6570993937191543,0.004809640706144947,2.999455541158804,0.004498330889524197,2.900760085656104,0.05,0.9,1e-06,0.5
auto_mpg,sasla,12,300,296,66686,67569,1.4240631193851356,222,225.23,0.9423849372384937,1,300,71700,0.0030343720812703785,2.5201449193159475,0.003145960739208441,2.5660655583420833,0.004321137371429061,3.007392656353131,0.05,0.9,1e-06,0.5
auto_mpg,sasla,13,300,295,64918,65950,0.9075476556246634,207,219.83333333333334,0.9198047419804742,1,300,71700,0.003031434745043165,2.5189248472407644,0.0038118647511754477,2.8246187646755376,0.002751171496043074,2.3996612030527675,0.05,0.9,1e-06,0.5
auto_mpg,sasla,14,300,288,63605,66122,1.184790898837273,211,220.40666666666667,0.9222036262203627,1,300,71700,0.0029435289351170324,2.549952042230113,0.003998867876878816,2.9721203104896854,0.00348746629279083,2.775574362321237,0.05,0.9,1e-06,0.5
auto_mpg,sasla,15,300,288,59895,62235,1.1757597143380782,187,207.45,0.8679916317991632,1,300,71700,0.0033386107631096285,2.5712417163012584,0.004663517655206255,3.0389029001799623,0.00392540403711981,2.788060498717075,0.05,0.9,1e-06,0.5
auto_mpg,sasla,16,300,299,64669,64875,1.567441234143582,206,216.25,0.9048117154811716,1,300,71700,0.0030561894902853956,2.4600852095278434,0.004373855720891661,2.943013386190371,0.004790397426429585,3.079965016633661,0.05,0.9,1e-06,0.5
auto_mpg,sasla,17,300,214,47118,65297,0.8866346802781984,211,217.65666666666667,0.910697350069735,1,300,71700,0.0035185437426192793,2.6396204739170037,0.006494894636883403,3.5862954569706558,0.0031196629062821,2.485500446623402,0.05,0.9,1e-06,0.5
auto_mpg,sasla,18,300,196,43571,65944,0.7514321373324548,208,219.81333333333333,0.919721059972106,1,300,71700,0.0036011614261009933,2.8204548552063535,0.004480697643487093,3.146086631747923,0.0027060284272942604,2.444916521252417,0.05,0.9,1e-06,0.5
auto_mpg,sasla,19,300,296,64016,64815,1.3781161305897678,201,216.05,0.9039748953974895,1,300,71700,0.0028556614932030554,2.511604315668682,0.002726222794184734,2.454022443327297,0.003935433167287193,2.9484524528195144,0.05,0.9,1e-06,0.5
auto_mpg,sasla,20,300,300,64817,64817,0.9039516157573999,206,216.05666666666667,0.904002789400279,1,300,71700,0.0034926146183089234,2.703749375318323,0.003992107969459043,2.8906282166383606,0.003157154627438266,2.5706267635330704,0.05,0.9,1e-06,0.5
auto_mpg,sasla,21,300,300,67382,67382,1.4428911587516633,223,224.60666666666665,0.9397768479776848,1,300,71700,0.0027946454821771963,2.4846271088695437,0.0038376141156245863,2.9115785377376846,0.0040323692580787555,2.98454413455321,0.05,0.9,1e-06,0.5
auto_mpg,sasla,22,300,299,65350,65550,1.2072828066385521,203,218.5,0.9142259414225942,1,300,71700,0.002865952701011155,2.3822894106672554,0.005433503035272711,3.280197308943288,0.003460015420570087,2.617574361232917,0.05,0.9,1e-06,0.5
auto_mpg,sasla,23,300,194,41193,62502,1.2537163567711356,192,208.34,0.8717154811715482,1,300,71700,0.0032050080396666346,2.4272733894573575,0.005614795719962915,3.212706952618765,0.004018171002913053,2.717805296563173,0.05,0.9,1e-06,0.5
auto_mpg,sasla,24,300,264,58040,65586,1.0379434678797084,212,218.62,0.9147280334728034,1,300,71700,0.004122098525884163,3.0175678358038804,0.003563586423530014,2.8057017677539786,0.004278505238898042,3.0742833429477145,0.05,0.9,1e-06,0.5
auto_mpg,sasla,25,300,152,34524,64830,1.5430517730441482,195,216.1,0.90418410041841,1,300,71700,0.002750108924116705,2.333645902227265,0.0036762570473574552,2.69813046719939,0.004243560451422816,2.898846422963802,0.05,0.9,1e-06,0.5
auto_mpg,sasla,26,300,280,62398,66661,1.3660804785072937,212,222.20333333333335,0.9297210599721061,1,300,71700,0.0032802185448029477,2.4412698175342307,0.004235810508582753,2.7741673349530465,0.004481042519292909,2.8533426263821995,0.05,0.9,1e-06,0.5
auto_mpg,sasla,27,300,285,62693,65903,0.9004964174331022,216,219.67666666666668,0.9191492329149233,1,300,71700,0.0031292185755523658,2.5592284100470737,0.0038467942197214612,2.837530744593925,0.0028178501166500206,2.4285667398242907,0.05,0.9,1e-06,0.5
auto_mpg,sasla,28,300,287,62165,64870,1.0435765677308952,205,216.23333333333332,0.904741980474198,1,300,71700,0.003012291156895605,2.57956414256021,0.0033523712026322944,2.72128425318171,0.003143556466519243,2.6351691092871077,0.05,0.9,1e-06,0.5
auto_mpg,sasla,29,300,148,31394,61275,1.2614310831314541,186,204.25,0.854602510460251,1,300,71700,0.004082382709688141,2.9231288306020033,0.006068073487976952,3.5638261833216216,0.0051496444432390315,3.2830668090182074,0.05,0.9,1e-06,0.5
auto_mpg,sasla,30,300,274,58985,64294,1.0182589967201197,203,214.31333333333333,0.8967085076708508,1,300,71700,0.003568642636553516,2.658346211657748,0.0032583981007803693,2.5401659077844356,0.003633802470749626,2.6825057954647455,0.05,0.9,1e-06,0.5
