problem,strategy,seed,epochs_run,best_epoch,presentations,presentations_total,rho,subset_final,subset_mean,subset_frac_mean,converged,operator_calls,operator_evals,train_mse,train_accuracy,train_macro_f1,train_error_rate,val_mse,val_accuracy,val_macro_f1,val_error_rate,gen_mse,gen_accuracy,gen_macro_f1,gen_error_rate,eta,alpha,lam,p_seed_frac,p_growth,p_rho_max
iris,uncertainty,1,300,279,15978,17868,6.223238890318257,90,59.56,0.6617777777777778,1,18,684,0.003971594090426222,1.0,1.0,0.0,0.016176214761807146,0.9666666666666667,0.9665831244778613,0.033333333333333326,0.024716178800098628,0.9,0.8976982097186701,0.09999999999999998,0.3,0.0,0.0001,0.2,0.05,1.15
iris,uncertainty,2,300,299,18498,18588,3.6715938640681447,90,61.96,0.6884444444444444,1,18,684,0.005194074317906505,1.0,1.0,0.0,0.011909473045536,0.9333333333333333,0.9333333333333332,0.06666666666666665,0.019070531395139458,0.9333333333333333,0.9326599326599326,0.06666666666666665,0.3,0.0,0.0001,0.2,0.05,1.15
iris,uncertainty,3,300,298,5364,5400,0.7517626729252868,18,18.0,0.2,1,0,0,0.016731775398137885,0.9666666666666667,0.9666574048346764,0.033333333333333326,0.007677083377816529,1.0,1.0,0.0,0.01257832419608969,0.9666666666666667,0.9665831244778613,0.033333333333333326,0.3,0.0,0.0001,0.2,0.05,1.15
iris,uncertainty,4,300,276,13172,15332,2.55400399978508,90,51.10666666666667,0.5678518518518518,1,18,684,0.00571471485740621,1.0,1.0,0.0,0.018209868586215833,0.9333333333333333,0.9326599326599326,0.06666666666666665,0.014595404603446683,0.9333333333333333,0.9326599326599326,0.06666666666666665,0.3,0.0,0.0001,0.2,0.05,1.15
iris,uncertainty,5,300,286,22696,23956,0.7233086584495086,90,79.85333333333334,0.8872592592592593,1,18,684,0.0098870073641412,0.9666666666666667,0.9666574048346764,0.033333333333333326,0.015901291876055528,0.9666666666666667,0.9665831244778613,0.033333333333333326,0.007151358032637383,1.0,1.0,0.0,0.3,0.0,0.0001,0.2,0.05,1.15
iris,uncertainty,6,300,295,5310,5400,1.25125036700089,18,18.0,0.2,1,0,0,0.018809363915320135,0.9555555555555556,0.9555555555555556,0.0444444444444444,0.01221396290002327,1.0,1.0,0.0,0.023535223502097618,0.9333333333333333,0.9333333333333332,0.06666666666666665,0.3,0.0,0.0001,0.2,0.05,1.15
iris,uncertainty,7,300,299,8566,8600,1.6271965663525245,34,28.666666666666668,0.31851851851851853,1,4,264,0.010810102388501563,0.9666666666666667,0.9665831244778613,0.033333333333333326,0.004594982278629085,1.0,1.0,0.0,0.017590161488488968,0.9333333333333333,0.9326599326599326,0.06666666666666665,0.3,0.0,0.0001,0.2,0.05,1.15
iris,uncertainty,8,300,294,9724,9976,1.0356272688924277,42,33.25333333333333,0.36948148148148147,1,6,372,0.010229356132591672,0.9777777777777777,0.9777530589543938,0.022222222222222254,0.010810626552841143,0.9666666666666667,0.9665831244778613,0.033333333333333326,0.01059380015412392,0.9666666666666667,0.9665831244778613,0.033333333333333326,0.3,0.0,0.0001,0.2,0.05,1.15
iris,uncertainty,9,300,273,10530,11664,0.4155093151284058,42,38.88,0.43200000000000005,1,6,372,0.01450161190779728,0.9444444444444444,0.944429008057794,0.05555555555555558,0.010957127982327803,0.9666666666666667,0.9665831244778613,0.033333333333333326,0.006025554832066782,1.0,1.0,0.0,0.3,0.0,0.0001,0.2,0.05,1.15
iris,uncertainty,10,300,297,23758,24028,3.113820890601496,90,80.09333333333333,0.8899259259259259,1,18,684,0.005603272799927479,0.9888888888888889,0.9888858016115587,0.011111111111111072,0.012413527901212723,0.9666666666666667,0.9665831244778613,0.033333333333333326,0.01744758790015332,0.9333333333333333,0.9326599326599326,0.06666666666666665,0.3,0.0,0.0001,0.2,0.05,1.15
iris,uncertainty,11,300,277,6470,7160,0.8062459876970897,30,23.866666666666667,0.2651851851851852,1,3,204,0.015196795637910319,0.9777777777777777,0.9777777777777779,0.022222222222222254,0.015965211125704426,0.9333333333333333,0.9326599326599326,0.06666666666666665,0.01225235550891783,1.0,1.0,0.0,0.3,0.0,0.0001,0.2,0.05,1.15
iris,uncertainty,12,300,298,17008,17188,2.68557498722944,90,57.29333333333334,0.6365925925925926,1,18,684,0.006785640488500264,1.0,1.0,0.0,0.014283636559659472,0.9666666666666667,0.9665831244778613,0.033333333333333326,0.018223346368247666,0.9333333333333333,0.9333333333333332,0.06666666666666665,0.3,0.0,0.0001,0.2,0.05,1.15
iris,uncertainty,13,300,279,5022,5400,1.1228163606223869,18,18.0,0.2,1,0,0,0.030374007105576445,0.9111111111111111,0.9110122358175751,0.0888888888888889,0.018995940494652752,0.9666666666666667,0.9665831244778613,0.033333333333333326,0.034104432115801865,0.9,0.899749373433584,0.09999999999999998,0.3,0.0,0.0001,0.2,0.05,1.15
iris,uncertainty,14,300,295,5310,5400,1.3532141086337537,18,18.0,0.2,1,0,0,0.01637221429043424,0.9777777777777777,0.9777777777777779,0.022222222222222254,0.013871895957544667,0.9666666666666667,0.9665831244778613,0.033333333333333326,0.022155111367390772,0.9333333333333333,0.9333333333333332,0.06666666666666665,0.3,0.0,0.0001,0.2,0.05,1.15
iris,uncertainty,15,300,246,6444,8496,2.5569555420579673,38,28.32,0.31466666666666665,1,5,320,0.007608847406126034,0.9888888888888889,0.9888858016115588,0.011111111111111072,0.013584083770466418,0.9666666666666667,0.9665831244778613,0.033333333333333326,0.019455484543767353,0.9333333333333333,0.9326599326599326,0.06666666666666665,0.3,0.0,0.0001,0.2,0.05,1.15
iris,uncertainty,16,300,294,5780,5912,0.5962332399228498,22,19.706666666666667,0.21896296296296297,1,1,72,0.023597040847396254,0.9444444444444444,0.9443052074631022,0.05555555555555558,0.01886150861701836,0.9333333333333333,0.9326599326599326,0.06666666666666665,0.014069340117034899,1.0,1.0,0.0,0.3,0.0,0.0001,0.2,0.05,1.15
iris,uncertainty,17,300,290,5220,5400,0.6807074889962164,18,18.0,0.2,1,0,0,0.018998236334592626,0.9444444444444444,0.944429008057794,0.05555555555555558,0.014235377550550182,1.0,1.0,0.0,0.012932241750677228,1.0,1.0,0.0,0.3,0.0,0.0001,0.2,0.05,1.15
iris,uncertainty,18,300,295,6754,6884,1.0443201324395017,26,22.946666666666665,0.25496296296296295,1,2,140,0.012260196939401705,0.9666666666666667,0.9666574048346764,0.033333333333333326,0.010499986802636026,0.9666666666666667,0.9665831244778613,0.033333333333333326,0.012803570491490363,0.9666666666666667,0.9665831244778613,0.033333333333333326,0.3,0.0,0.0001,0.2,0.05,1.15
iris,uncertainty,19,300,297,7274,7364,3.010913360382288,30,24.546666666666667,0.27274074074074073,1,3,204,0.008574760863242893,0.9888888888888889,0.9888858016115588,0.011111111111111072,0.011557594035665125,0.9666666666666667,0.9665831244778613,0.033333333333333326,0.02581786204522119,0.9333333333333333,0.9326599326599326,0.06666666666666665,0.3,0.0,0.0001,0.2,0.05,1.15
iris,uncertainty,20,300,283,21298,22828,4.083255064503968,90,76.09333333333333,0.8454814814814815,1,18,684,0.00409082343704413,1.0,1.0,0.0,0.02881877218129235,0.9,0.8976982097186701,0.09999999999999998,0.016703875517301976,0.9333333333333333,0.9326599326599326,0.06666666666666665,0.3,0.0,0.0001,0.2,0.05,1.15
iris,uncertainty,21,300,174,4188,14344,2.3631474692217167,90,47.81333333333333,0.5312592592592592,1,18,684,0.0064336694321104814,0.9888888888888889,0.9888858016115588,0.011111111111111072,0.01968860012939606,0.9333333333333333,0.9326599326599326,0.06666666666666665,0.015203709636301004,0.9333333333333333,0.9326599326599326,0.06666666666666665,0.3,0.0,0.0001,0.2,0.05,1.15
iris,uncertainty,22,300,300,9320,9320,1.2062619989209515,34,31.066666666666666,0.3451851851851852,1,4,264,0.011832581316892916,0.9666666666666667,0.9666574048346764,0.033333333333333326,0.005659283129194995,1.0,1.0,0.0,0.014273193191709955,0.9666666666666667,0.9665831244778613,0.033333333333333326,0.3,0.0,0.0001,0.2,0.05,1.15
iris,uncertainty,23,300,296,5476,5564,1.3747417148634997,22,18.546666666666667,0.20607407407407408,1,1,72,0.013863089886692357,0.9777777777777777,0.9777530589543938,0.022222222222222254,0.014917223231823002,0.9666666666666667,0.9665831244778613,0.033333333333333326,0.01905816796413829,0.9666666666666667,0.9665831244778613,0.033333333333333326,0.3,0.0,0.0001,0.2,0.05,1.15
iris,uncertainty,24,300,295,7882,8032,0.5331450585624418,30,26.773333333333333,0.29748148148148146,1,3,204,0.01514276813117584,0.9555555555555556,0.9555061179087875,0.0444444444444444,0.005198669293289301,1.0,1.0,0.0,0.00807329200209322,0.9666666666666667,0.9665831244778613,0.033333333333333326,0.3,0.0,0.0001,0.2,0.05,1.15
iris,uncertainty,25,300,244,5436,6892,0.9123300552208288,26,22.973333333333333,0.25525925925925924,1,2,140,0.014157077377988148,0.9777777777777777,0.9777530589543938,0.022222222222222254,0.011838145252585449,0.9666666666666667,0.9665831244778613,0.033333333333333326,0.012915927186025473,0.9666666666666667,0.9665831244778613,0.033333333333333326,0.3,0.0,0.0001,0.2,0.05,1.15
iris,uncertainty,26,300,236,15996,21756,0.6859740339333402,90,72.52,0.8057777777777777,1,18,684,0.007218308667642311,0.9888888888888889,0.9888858016115587,0.011111111111111072,0.020481930004162777,0.9333333333333333,0.9326599326599326,0.06666666666666665,0.004951572314918591,1.0,1.0,0.0,0.3,0.0,0.0001,0.2,0.05,1.15
iris,uncertainty,27,300,298,8272,8340,0.6030549528012635,34,27.8,0.3088888888888889,1,4,264,0.011884424653722888,0.9666666666666667,0.9666574048346764,0.033333333333333326,0.014900061207590173,0.9666666666666667,0.9665831244778613,0.033333333333333326,0.007166961148621029,1.0,1.0,0.0,0.3,0.0,0.0001,0.2,0.05,1.15
iris,uncertainty,28,300,288,6640,7000,0.3022734011280379,30,23.333333333333332,0.25925925925925924,1,3,204,0.015615819126227835,0.9555555555555556,0.9553571428571429,0.0444444444444444,0.018789624792343713,0.9666666666666667,0.9665831244778613,0.033333333333333326,0.004720246758685153,1.0,1.0,0.0,0.3,0.0,0.0001,0.2,0.05,1.15
iris,uncertainty,29,300,286,15360,16228,0.7790915079190602,62,54.093333333333334,0.601037037037037,1,11,572,0.010419702647405913,0.9777777777777777,0.9777777777777779,0.022222222222222254,0.009606378394235178,1.0,1.0,0.0,0.008117901847635696,1.0,1.0,0.0,0.3,0.0,0.0001,0.2,0.05,1.15
iris,uncertainty,30,300,292,12200,12920,1.2468568599523777,90,43.06666666666667,0.47851851851851857,1,18,684,0.008674599784282061,0.9777777777777777,0.9777530589543938,0.022222222222222254,0.017363649423987885,0.9333333333333333,0.9326599326599326,0.06666666666666665,0.010815984248373503,0.9666666666666667,0.9665831244778613,0.033333333333333326,0.3,0.0,0.0001,0.2,0.05,1.15
