problem,strategy,seed,epochs_run,best_epoch,presentations,presentations_total,rho,subset_final,subset_mean,subset_frac_mean,converged,operator_calls,operator_evals,train_mse,train_accuracy,train_macro_f1,train_error_rate,val_mse,val_accuracy,val_macro_f1,val_error_rate,gen_mse,gen_accuracy,gen_macro_f1,gen_error_rate,eta,alpha,lam
iris,passive,1,300,289,26010,27000,6.000403029069519,90,90.0,1.0,1,0,0,0.003890374297647806,1.0,1.0,0.0,0.018899808429281333,0.9333333333333333,0.9326599326599326,0.06666666666666665,0.023343813719820097,0.9333333333333333,0.9326599326599326,0.06666666666666665,0.3,0.0,0.0001
iris,passive,2,300,255,22950,27000,4.000441348522606,90,90.0,1.0,1,0,0,0.004993793098433337,1.0,1.0,0.0,0.011754243670865751,0.9333333333333333,0.9333333333333332,0.06666666666666665,0.019977376396939542,0.9333333333333333,0.9326599326599326,0.06666666666666665,0.3,0.0,0.0001
iris,passive,3,300,300,27000,27000,1.0502338882119218,90,90.0,1.0,1,0,0,0.010818515730638696,0.9777777777777777,0.9777530589543938,0.022222222222222254,0.00458903997167846,1.0,1.0,0.0,0.011361971840470516,0.9666666666666667,0.9665831244778613,0.033333333333333326,0.3,0.0,0.0001
iris,passive,4,300,142,12780,27000,2.9735261158797988,90,90.0,1.0,1,0,0,0.005544323850795745,0.9888888888888889,0.9888858016115588,0.011111111111111072,0.01928460619633718,0.9333333333333333,0.9326599326599326,0.06666666666666665,0.0164861917652364,0.9333333333333333,0.9326599326599326,0.06666666666666665,0.3,0.0,0.0001
iris,passive,5,300,288,25920,27000,0.7207049779393028,90,90.0,1.0,1,0,0,0.009849938023956457,0.9666666666666667,0.9666574048346764,0.033333333333333326,0.015807667120009743,0.9666666666666667,0.9665831244778613,0.033333333333333326,0.007098899366259038,1.0,1.0,0.0,0.3,0.0,0.0001
iris,passive,6,300,297,26730,27000,1.938451775654568,90,90.0,1.0,1,0,0,0.009537525213606323,0.9777777777777777,0.9777530589543938,0.022222222222222254,0.0033810130795461474,1.0,1.0,0.0,0.01848803268566539,0.9333333333333333,0.9326599326599326,0.06666666666666665,0.3,0.0,0.0001
iris,passive,7,300,257,23130,27000,1.2122289454721107,90,90.0,1.0,1,0,0,0.009601925743271542,0.9777777777777777,0.9777777777777779,0.022222222222222254,0.009671958953444654,1.0,1.0,0.0,0.011639732318267574,0.9666666666666667,0.9665831244778613,0.033333333333333326,0.3,0.0,0.0001
iris,passive,8,300,252,22680,27000,1.2759516149123378,90,90.0,1.0,1,0,0,0.009345564879312564,0.9777777777777777,0.9777777777777779,0.022222222222222254,0.012432397848643011,1.0,1.0,0.0,0.011924488600026893,0.9666666666666667,0.9665831244778613,0.033333333333333326,0.3,0.0,0.0001
iris,passive,9,300,242,21780,27000,0.6452145321870111,90,90.0,1.0,1,0,0,0.009858179568512936,0.9666666666666667,0.9666574048346764,0.033333333333333326,0.009066155079646884,0.9666666666666667,0.9665831244778613,0.033333333333333326,0.006360640718513625,1.0,1.0,0.0,0.3,0.0,0.0001
iris,passive,10,300,278,25020,27000,3.1223091130542593,90,90.0,1.0,1,0,0,0.005602261407828165,1.0,1.0,0.0,0.01235366019350196,0.9666666666666667,0.9665831244778613,0.033333333333333326,0.017491991847374065,0.9333333333333333,0.9326599326599326,0.06666666666666665,0.3,0.0,0.0001
iris,passive,11,300,298,26820,27000,0.7343793183590213,90,90.0,1.0,1,0,0,0.01142250014635439,0.9555555555555556,0.9555061179087875,0.0444444444444444,0.005539926524268116,1.0,1.0,0.0,0.008388447871435558,1.0,1.0,0.0,0.3,0.0,0.0001
iris,passive,12,300,192,17280,27000,2.6712988679384964,90,90.0,1.0,1,0,0,0.006914326929175156,1.0,1.0,0.0,0.015010421273336879,0.9333333333333333,0.9326599326599326,0.06666666666666665,0.018470233698462256,0.9333333333333333,0.9333333333333332,0.06666666666666665,0.3,0.0,0.0001
iris,passive,13,300,276,24840,27000,0.520043548317164,90,90.0,1.0,1,0,0,0.011587148597282795,0.9666666666666667,0.9666574048346764,0.033333333333333326,0.006989413426853321,0.9666666666666667,0.9665831244778613,0.033333333333333326,0.006025821871409195,1.0,1.0,0.0,0.3,0.0,0.0001
iris,passive,14,300,292,26280,27000,2.4338752175088323,90,90.0,1.0,1,0,0,0.010450165750602581,0.9888888888888889,0.9888858016115587,0.011111111111111072,0.008591644836753082,1.0,1.0,0.0,0.025434399439251208,0.9,0.8976982097186701,0.09999999999999998,0.3,0.0,0.0001
iris,passive,15,300,284,25560,27000,2.4449755475166293,90,90.0,1.0,1,0,0,0.006650982553757279,0.9888888888888889,0.9888858016115588,0.011111111111111072,0.011262128141690137,0.9666666666666667,0.9665831244778613,0.033333333333333326,0.016261489710896252,0.9666666666666667,0.9665831244778613,0.033333333333333326,0.3,0.0,0.0001
iris,passive,16,300,258,23220,27000,1.107924935250468,90,90.0,1.0,1,0,0,0.010433187606000776,0.9777777777777777,0.9777777777777779,0.022222222222222254,0.007679610505399518,1.0,1.0,0.0,0.011559188702834396,0.9333333333333333,0.9326599326599326,0.06666666666666665,0.3,0.0,0.0001
iris,passive,17,300,286,25740,27000,0.4298077520665253,90,90.0,1.0,1,0,0,0.011728611754573143,0.9666666666666667,0.9665831244778613,0.033333333333333326,0.006899426462470739,0.9666666666666667,0.9665831244778613,0.033333333333333326,0.0050410482530941075,1.0,1.0,0.0,0.3,0.0,0.0001
iris,passive,18,300,297,26730,27000,1.0452391522013396,90,90.0,1.0,1,0,0,0.01102947930898506,0.9666666666666667,0.9666574048346764,0.033333333333333326,0.00848242950369537,1.0,1.0,0.0,0.011528443602145761,0.9333333333333333,0.9326599326599326,0.06666666666666665,0.3,0.0,0.0001
iris,passive,19,300,293,26370,27000,3.1427392859193604,90,90.0,1.0,1,0,0,0.006207046683330676,0.9777777777777777,0.9777777777777779,0.022222222222222254,0.008576548024130682,0.9666666666666667,0.9665831244778613,0.033333333333333326,0.01950712946123878,0.9333333333333333,0.9326599326599326,0.06666666666666665,0.3,0.0,0.0001
iris,passive,20,300,235,21150,27000,4.209287789397704,90,90.0,1.0,1,0,0,0.004053122988794794,1.0,1.0,0.0,0.026846559119201144,0.9,0.8976982097186701,0.09999999999999998,0.017060761105661053,0.9333333333333333,0.9326599326599326,0.06666666666666665,0.3,0.0,0.0001
iris,passive,21,300,80,7200,27000,2.4715651060223767,90,90.0,1.0,1,0,0,0.005853335698231775,0.9888888888888889,0.9888858016115588,0.011111111111111072,0.01865392199683958,0.9333333333333333,0.9326599326599326,0.06666666666666665,0.01446690026558478,0.9333333333333333,0.9326599326599326,0.06666666666666665,0.3,0.0,0.0001
iris,passive,22,300,300,27000,27000,0.99491185325779,90,90.0,1.0,1,0,0,0.010428336109508649,0.9777777777777777,0.9777777777777779,0.022222222222222254,0.003810714265849936,1.0,1.0,0.0,0.010375275205106381,0.9666666666666667,0.9665831244778613,0.033333333333333326,0.3,0.0,0.0001
iris,passive,23,300,294,26460,27000,1.9102061198168847,90,90.0,1.0,1,0,0,0.007360433866791297,1.0,1.0,0.0,0.01102213687401545,0.9666666666666667,0.9665831244778613,0.033333333333333326,0.014059945816852193,0.9666666666666667,0.9665831244778613,0.033333333333333326,0.3,0.0,0.0001
iris,passive,24,300,195,17550,27000,0.6799689395393539,90,90.0,1.0,1,0,0,0.011379660436606211,0.9666666666666667,0.9666574048346764,0.033333333333333326,0.005770381733214699,1.0,1.0,0.0,0.007737815639397066,0.9666666666666667,0.9665831244778613,0.033333333333333326,0.3,0.0,0.0001
iris,passive,25,300,289,26010,27000,1.0285086512628774,90,90.0,1.0,1,0,0,0.010688067806424386,0.9666666666666667,0.9666574048346764,0.033333333333333326,0.006923338176661181,1.0,1.0,0.0,0.010992770204191727,1.0,1.0,0.0,0.3,0.0,0.0001
iris,passive,26,300,176,15840,27000,0.6438819880549012,90,90.0,1.0,1,0,0,0.0073676741010361415,0.9777777777777777,0.9777777777777779,0.022222222222222254,0.021841178075156124,0.9333333333333333,0.9326599326599326,0.06666666666666665,0.0047439126475157575,1.0,1.0,0.0,0.3,0.0,0.0001
iris,passive,27,300,268,24120,27000,1.0127015864034015,90,90.0,1.0,1,0,0,0.011414717920055543,0.9666666666666667,0.9666574048346764,0.033333333333333326,0.008494995974817534,1.0,1.0,0.0,0.011559702945987585,1.0,1.0,0.0,0.3,0.0,0.0001
iris,passive,28,300,284,25560,27000,0.9271862046009011,90,90.0,1.0,1,0,0,0.010520364303034976,0.9777777777777777,0.9777530589543938,0.022222222222222254,0.013769513257767074,0.9666666666666667,0.9665831244778613,0.033333333333333326,0.009754336649149804,0.9666666666666667,0.9665831244778613,0.033333333333333326,0.3,0.0,0.0001
iris,passive,29,300,300,27000,27000,0.7290099885209956,90,90.0,1.0,1,0,0,0.010638431262271177,0.9666666666666667,0.9666574048346764,0.033333333333333326,0.00992329950466361,1.0,1.0,0.0,0.0077555226523897125,1.0,1.0,0.0,0.3,0.0,0.0001
iris,passive,30,300,241,21690,27000,1.2813391549495106,90,90.0,1.0,1,0,0,0.008115602785981887,0.9777777777777777,0.9777530589543938,0.022222222222222254,0.01650316959425218,0.9333333333333333,0.9326599326599326,0.06666666666666665,0.010398839615695925,0.9666666666666667,0.9665831244778613,0.033333333333333326,0.3,0.0,0.0001
