problem,seed,max_over_mean,cv,below_0_1,below_0_5,p10,p90,hidden_saturated,hidden_derivative,output_derivative,cv_output_factor,cv_hidden_factor,output_factor_ratio,hidden_factor_ratio,logvar_share_output
iris,1,3.8654461953922996,0.810821137666607,0.011111111111111112,0.3333333333333333,0.34663584083786925,2.1896386812009814,0.1238888888888889,0.17528665163171298,0.0853700481099885,0.4128872399488777,0.4592908610200164,12.97781263202516,5.366003460612116,0.3533909511748922
iris,2,4.627955655881193,1.1076846939492757,0.011111111111111112,0.45555555555555555,0.2194974253574943,3.1027060324851545,0.08166666666666667,0.19243457122394167,0.08510535432277325,0.46975979129281853,0.62720552299417,8.334640639491827,14.10214140541093,0.2660763673808932
iris,3,3.7674135416738923,1.0556556342152936,0.022222222222222223,0.5111111111111111,0.18594533177868441,2.7080518329640486,0.12555555555555556,0.18491659183297482,0.09012584021766183,0.538177482519317,0.5837802322572115,15.16544068669371,20.823068632562517,0.29426156953273874
iris,4,4.450203309334005,1.0246610376017025,0.011111111111111112,0.5111111111111111,0.23652051617436126,2.5923622269475928,0.08444444444444445,0.18870998280296153,0.08676187751739543,0.48319202327110794,0.5827334154965553,9.479154149978493,16.759711221208676,0.26435054683692666
iris,5,3.7372909404768966,0.9651390476974648,0.0,0.4888888888888889,0.23671940727910468,2.5928675103134147,0.12,0.18685714954832588,0.09040084159469243,0.4792446767073691,0.5445671503887991,8.764452995676697,9.237713026962224,0.2760169585507626
iris,6,3.841513592011416,1.0257550539556755,0.022222222222222223,0.4777777777777778,0.20451551877116947,2.6404514299567317,0.12222222222222222,0.18125372097278836,0.0880925148191999,0.5024557681821271,0.5713677359610313,15.128940250198411,20.05807819899359,0.29829209976080673
iris,7,3.572376760849259,0.9180670345811083,0.0,0.4666666666666667,0.2949530439229991,2.546958405609529,0.09555555555555556,0.1933855932817576,0.09353717370788373,0.43894322932652724,0.5229805810985728,9.421189123619406,6.855682274173416,0.3102442228842506
iris,8,3.683394294322171,0.9439925088965921,0.0,0.5,0.29332459542584755,2.276836380488878,0.1238888888888889,0.18357838293895348,0.09054018915380745,0.46697123212690617,0.5343025906318,7.737453699697599,7.075174517618583,0.3256240211127639
iris,9,4.194199951881611,1.0297265207909632,0.0,0.4777777777777778,0.25521980800675387,2.8272693110808036,0.07444444444444444,0.1975223701965262,0.09433215237111943,0.43956135538946134,0.5750430933845833,7.628714261773918,7.496862061427715,0.22647483063010002
iris,10,4.168026971920086,0.9620384045582525,0.011111111111111112,0.45555555555555555,0.25661765742254206,2.6367686410476687,0.12166666666666667,0.1785094944934279,0.08557572619662068,0.46707549829041206,0.5450427133851372,8.152711081369135,6.908897684317801,0.3176326527558457
breast_cancer,1,3.9043799875351533,1.0403928444527797,0.16422287390029325,0.4604105571847507,0.02157398103651828,2.7751861632965014,0.01810850439882698,0.19251042987536318,0.08151268604473207,0.8491602643142286,0.3459614039010556,19785.565978800812,4.6832677116392745,0.9369243939569465
breast_cancer,2,3.9766932617621364,1.0780678545203013,0.15835777126099707,0.4868035190615836,0.019204948836036753,2.905887725449485,0.008504398826979473,0.19765249580270158,0.07601173178256045,0.9118122359655627,0.30799116806912474,30609.59529680872,4.405645224292009,0.8988257546010258
breast_cancer,3,4.20757885614987,1.046449812388304,0.16715542521994134,0.47214076246334313,0.030594517247848937,2.69141017809538,0.010190615835777126,0.20376443463897867,0.07541462389007991,0.8667104928121357,0.3012094745847853,6347.462304363979,3.9106301328882314,0.912327810742854
breast_cancer,4,3.8753878778897835,1.0610831405285204,0.15835777126099707,0.46920821114369504,0.024972472053839425,2.712866602269682,0.010850439882697948,0.19881336260824425,0.07841144099778477,0.9070812793794539,0.2629799332823449,217967.2971290125,6.488168323242946,0.9223367225297341
breast_cancer,5,4.013985659412535,1.0669032257184907,0.15835777126099707,0.45454545454545453,0.030795689263436878,2.8582799263740184,0.010190615835777126,0.18927856296609738,0.07565843984443434,0.8896775185460349,0.2956658957828862,202954.25654775443,4.363495833334849,0.9462838460276708
breast_cancer,6,3.945993237710891,1.1168396524698956,0.19648093841642228,0.5073313782991202,0.013938008123685602,2.886350492414423,0.007771260997067449,0.20385001460956878,0.0741160871195449,0.9763349469345071,0.27712939160678096,9265.39962087314,3.960627656881701,0.8655694765873961
breast_cancer,7,4.831840506761044,1.1426509910180955,0.16422287390029325,0.5043988269794721,0.02810660860226974,2.8258558010772132,0.025146627565982405,0.21033561490705893,0.07300119075056355,0.8469557963841335,0.3830028410400052,3001.12248442179,4.563219763073154,0.8207074024407177
breast_cancer,8,4.052726759354894,0.9688829052053202,0.1436950146627566,0.39882697947214074,0.05071431008940058,2.5061550854120966,0.024413489736070382,0.19826273998451463,0.08421592628383694,0.7704945271052196,0.3252595073667619,16094.857716798673,4.310791758015316,0.9116091170244461
breast_cancer,9,4.734049222198561,1.1993487105530762,0.1436950146627566,0.5102639296187683,0.0571636195560308,2.870320623461334,0.01840175953079179,0.2028007480197663,0.07374786553846101,0.854111209721982,0.4041194965277276,1085.890194191462,5.2565747971495895,0.7833041445462081
breast_cancer,10,3.882122589820587,0.9680199160563898,0.13196480938416422,0.41055718475073316,0.04971002613289019,2.5838976782017875,0.01656891495601173,0.20194678534155494,0.08245189816348551,0.8019575664822662,0.2771163050073971,143735.2674907654,4.1573058413253685,0.9342414478279409
optdigits,1,6.893725421037188,0.815244264995307,0.0,0.29922894424673785,0.318936567898782,2.0623699801130138,0.7458807829181495,0.03879000134318208,0.08842904248934538,0.20733049004729623,0.6598241704391602,5.7781938553163625,38.554348424374986,0.08361145746044264
optdigits,2,7.613907448376647,0.9122517163209451,0.0,0.3431198102016607,0.2736952311964732,2.1960644605196267,0.7549733096085409,0.03847417783662988,0.08901041408155158,0.2207588694346075,0.7524278549311536,5.902858968963534,41.906709667808045,0.07890490653499359
optdigits,3,7.420923453405649,0.9508655302304121,0.0,0.3766310794780546,0.2782238704979746,2.1907426655925946,0.7299762752075919,0.0426063862153668,0.08882195820999703,0.22535673747913967,0.77203974935266,7.513213713126157,39.08665870555001,0.08170756270341419
optdigits,4,6.190055385307643,0.7927034723727377,0.0,0.2805456702253855,0.3166126099928615,1.9725197119899665,0.7418238434163701,0.04038215098758579,0.08912261503787092,0.2027224050261702,0.6333605576514622,6.096018691446186,31.62863437655269,0.08166024930043443
optdigits,5,6.19080393589532,0.7842053007432731,0.0,0.2760972716488731,0.32611164533471515,2.071987868982879,0.7535172004744959,0.0387742412358964,0.08836925290617928,0.2184075405068846,0.6346203593962462,8.719435777184211,19.442736852134853,0.0994366163744946
optdigits,6,7.059007788298447,0.8322428882723444,0.0005931198102016608,0.3351126927639383,0.2921021882946524,2.1322519872869656,0.7556198102016607,0.03888539711459448,0.08841027411897474,0.2219648240457813,0.715956182814791,6.495903003504999,45.410139357371555,0.08446174515045042
optdigits,7,8.839531547131505,0.9237098087989202,0.0,0.34905100830367736,0.2806890110704885,2.1066976313277825,0.7704804270462633,0.03541145140777996,0.0886351303598298,0.22674023352698594,0.7130942885590078,5.907331864460145,32.20225718903562,0.08452791880414036
optdigits,8,7.017535078508845,0.8496738070928912,0.0,0.31316725978647686,0.30370402057336376,2.0163733253083196,0.7540154211150653,0.038521749356898345,0.08883993452080013,0.22042765827536723,0.6747112537252675,8.069017070451672,38.762376672252024,0.08988151332775152
optdigits,9,7.032585650631415,0.7846489323206105,0.0,0.28262158956109135,0.30699675983793956,2.0350552998940192,0.7798695136417556,0.035058320808884665,0.08900662477459689,0.2138429831416513,0.6222624459734385,6.119537892578153,26.86514575847649,0.0871183485969765
optdigits,10,6.760330266625407,0.7848616269365951,0.0008896797153024911,0.29626334519572955,0.2983403024303758,2.049650604652865,0.7854092526690392,0.03422911149602093,0.0886908753445981,0.22416501897673435,0.6429849197554927,7.625342547279096,37.18698303862014,0.09384949533496814
auto_mpg,1,1.8368935313865924,0.43929749879512636,0.0,0.19246861924686193,0.33646082051682996,1.525684400610561,0.020641562064156207,0.21106953783732837,0.20586959388217882,0.20053747837813005,0.3217494000873089,2.275975412402499,3.748471495576745,0.15652879735456227
auto_mpg,2,1.5379307925637087,0.3571810919063819,0.0,0.1589958158995816,0.38275259323517197,1.4149766443986689,0.013389121338912133,0.21816630167450365,0.2203769135321157,0.13759212741577084,0.28863613896593215,1.8487114849464925,3.7653612152589333,0.0965791393428025
auto_mpg,3,2.0685808678329725,0.38089769001867624,0.0,0.11297071129707113,0.49445750448978804,1.511897833096913,0.026638772663877267,0.21639844939003602,0.21492740728404777,0.1529805319895087,0.28700638958784486,2.0271822249992346,3.205747288309717,0.16484160607434134
auto_mpg,4,1.5967378025094545,0.34792486896697206,0.0,0.11715481171548117,0.482495670197241,1.4572698919070235,0.011297071129707114,0.21826183297430954,0.21848401370125406,0.14170238619752007,0.25426902552250213,2.0549166148446045,2.597515152509066,0.14782707681860754
auto_mpg,5,1.8025406232121062,0.3665650467504472,0.0,0.1589958158995816,0.4231113426866184,1.4557472174128672,0.023291492329149233,0.21222714900094092,0.2140824605765842,0.16100498232194416,0.2680392199409548,2.0256539498594996,2.944883934171091,0.1601413618869741
auto_mpg,6,1.7578677231330198,0.35605046848222804,0.0,0.15481171548117154,0.4398036183928806,1.4390493941647566,0.01896792189679219,0.20788683455352663,0.2141684511954926,0.16157365273920649,0.2687145667553217,2.0288976692374927,3.0737620742524925,0.16216425652342067
auto_mpg,7,1.9262204806186622,0.40213776016459096,0.0,0.1799163179916318,0.4143827444406558,1.477112131998885,0.027475592747559275,0.21700204493236377,0.22057392620382713,0.127976802514319,0.35641704212075054,1.8107418853002961,3.833801282795871,0.08354810134133371
auto_mpg,8,1.6811324431228862,0.3831377636279681,0.0,0.13389121338912133,0.4817573333077138,1.5026887515724383,0.010878661087866108,0.2269230361649989,0.22133493950749264,0.1303530737279236,0.31852532801502303,1.8416535285503317,3.0829954067791294,0.10671124467736719
auto_mpg,9,1.979811854650134,0.3976827898254221,0.0,0.18828451882845187,0.4137549251952622,1.4474337724302166,0.0298465829846583,0.21135350982686932,0.21850335343524782,0.13862415160638458,0.33632866575669085,1.950867416142103,3.5697147817741435,0.10070144539861699
auto_mpg,10,1.7069811755057709,0.41740017011894115,0.0,0.19665271966527198,0.3707088281659304,1.5124896930227665,0.023709902370990237,0.21793385482388308,0.21701011983973262,0.14206873871350206,0.3423022613608585,1.757922581027243,3.7241189295954715,0.08862848745784242
diabetes,1,1.2019888424488323,0.17896163645614344,0.0,0.0037735849056603774,0.7134681822766009,1.1812416794370628,0.0,0.2404824382587906,0.22210218272622229,0.12161068670946082,0.06887713693574227,1.7745043662618079,1.392334195113255,0.42517663850615894
diabetes,2,1.2248496648839482,0.19651369872904142,0.0,0.0037735849056603774,0.697569083797105,1.2066009876413444,0.0,0.23990923632556455,0.2154614921402463,0.1532231815235393,0.05575190628405905,2.036927406496029,1.2682509718874253,0.5756151155737871
diabetes,3,1.315325604203188,0.21335386890281458,0.0,0.0,0.6885212848694131,1.2959927570982368,0.0030188679245283017,0.23914976108831495,0.22337562669421715,0.11544800498539574,0.13440898326879902,1.7453496277534815,1.6043910851534522,0.2897769825360073
diabetes,4,1.270569317833024,0.18463918336898577,0.0,0.0,0.7238818071652721,1.2343525777233182,0.0037735849056603774,0.2384964112711423,0.22596968253323368,0.10189573093340869,0.11664551617488537,1.6100752714152182,1.504620925939836,0.30617708498843765
diabetes,5,1.202737201124854,0.16739693778234438,0.0,0.0,0.7315203106192175,1.182209571624888,0.0,0.24109522596731595,0.21911459668471692,0.13519945578551681,0.046812911366876556,1.7896128210703055,1.2810643233793517,0.6317955150561376
diabetes,6,1.183587254533712,0.150479281919813,0.0,0.0,0.7822853307293974,1.158876277404031,0.0,0.24080788328637154,0.21994232616356216,0.1287309023294505,0.035870859218557705,2.0186074767590507,1.2158452852622001,0.7127864732954473
diabetes,7,1.1754233484811332,0.14766666880129195,0.0,0.0,0.7621344399692399,1.1597496067130593,0.0,0.24069962898177713,0.2279524060521391,0.09581508042730434,0.061731446427032925,1.4851927194493344,1.3395971219814924,0.39622789723872476
diabetes,8,1.3191622370315472,0.22580401810550738,0.0,0.0037735849056603774,0.6615394027500234,1.2808846878069375,0.004150943396226415,0.23881031491780302,0.22263576940512494,0.12441729424724675,0.13591726582231098,1.8194960190319538,1.5777268541934626,0.29874123654530615
diabetes,9,1.1597411388355865,0.1478246164232419,0.0,0.0,0.7678883906370305,1.1465060236001454,0.0,0.24019039355699096,0.2246199853460069,0.1141356323523864,0.039970521414185806,1.6115638902304443,1.1817753891669251,0.5741297681168396
diabetes,10,1.2002769191261122,0.15488807375415917,0.0,0.0,0.7551491484486191,1.1767919707310368,0.0,0.23992732855128987,0.22377979194101932,0.11066025023263983,0.05541190325210542,1.5626108334130975,1.262459892315231,0.4923183400259026
concrete,1,2.5351207258419355,0.5071571062156742,0.0,0.13915857605177995,0.45646712570976056,1.6902645845330486,0.3458252427184466,0.06657689555288314,0.22011157208787063,0.1479511923616901,0.5220355018378492,2.297351519743278,12.527134504350409,0.10315735128700755
concrete,2,2.333311966280016,0.4463442240846264,0.0,0.09223300970873786,0.508642221556861,1.6976529620378087,0.3110032362459547,0.06981749775201998,0.2204700898691761,0.14935090512371438,0.470013792465922,2.412726482145815,7.079901412131107,0.1467052773229523
concrete,3,2.4897648312385834,0.48984748929284705,0.0,0.10355987055016182,0.4959504881736227,1.7063933609964828,0.36398058252427185,0.06370009325912357,0.21359143486179097,0.1853384375981472,0.5177319063268186,3.0654235112914403,10.160862215899005,0.21284233982654102
concrete,4,2.2316821661256765,0.4462017282395985,0.0,0.11812297734627832,0.4628544903253686,1.6737955057204454,0.31711974110032365,0.06929969409888503,0.2156207649258135,0.17668123852175932,0.4600362209761077,3.1905229974638964,9.456165433554455,0.20086340698415234
concrete,5,2.2867548057129734,0.44223368931447704,0.0,0.12135922330097088,0.47177085099016486,1.557704635022211,0.2918770226537217,0.0704388627642454,0.2182803729522297,0.1610058337428393,0.44729688278076535,2.4033866700314346,11.960367276584506,0.16249163172811532
concrete,6,2.4320907204488904,0.47487275161344294,0.0,0.10355987055016182,0.4968949380850781,1.7003788813703855,0.31524271844660195,0.06842515328741801,0.21336765919801715,0.17876894366430252,0.4834956129940751,2.562124472917902,8.10774542090686,0.20150785723691478
concrete,7,2.380365035817262,0.4609589777041773,0.0,0.10032362459546926,0.5023407762714944,1.6961045061791393,0.3236893203883495,0.06543250886184869,0.21809294304313687,0.16345181826294095,0.48903018991978153,2.6340556504156765,8.427715165514298,0.17116550275235673
concrete,8,2.4583974950599807,0.4680281791114054,0.0,0.09870550161812297,0.5021951754708943,1.7006921707758784,0.2758252427184466,0.07202596447156284,0.21433092696777103,0.17462350825440207,0.47358382321046316,2.8361488567646367,7.632615562415674,0.20121215545181562
concrete,9,2.450059638691513,0.4691462670737393,0.0,0.11003236245954692,0.49094994444858114,1.666631525883164,0.31530744336569577,0.06808608565219015,0.21458611922320225,0.18731669065215206,0.49395938019560104,3.458701280428107,9.414086626852141,0.24010272527808774
concrete,10,2.334335528335521,0.4606886040302962,0.0,0.13268608414239483,0.43400433449607156,1.6503201789652222,0.34433656957928804,0.06729904051214242,0.21773239391214746,0.16233821488755903,0.4754390751957444,2.733207660860215,9.856739023150249,0.1480937253416883
