problem,strategy,seed,epochs_run,best_epoch,presentations,presentations_total,rho,subset_final,subset_mean,subset_frac_mean,converged,train_mse,train_accuracy,train_macro_f1,train_error_rate,val_mse,val_accuracy,val_macro_f1,val_error_rate,gen_mse,gen_accuracy,gen_macro_f1,gen_error_rate,eta,alpha,lam,hidden,train_rmse,val_rmse,gen_rmse,operator_calls,operator_evals
iris,passive,1000,200,196,17640,18000,0.9753204640333327,90,90.0,1.0,1,0.056950125355857806,0.9555555555555556,0.9553571428571429,0.0444444444444444,0.06403556011672738,0.9333333333333333,0.9312169312169312,0.06666666666666665,0.0555446226888317,0.9666666666666667,0.9665831244778613,0.033333333333333326,0.1,0.9,0.0,1,,,,,
iris,passive,1001,200,195,17550,18000,1.0101807550700281,90,90.0,1.0,1,0.050430157185972796,0.9666666666666667,0.9665831244778613,0.033333333333333326,0.05236935517935121,0.9666666666666667,0.9665831244778613,0.033333333333333326,0.0509435742644262,0.9666666666666667,0.9665831244778613,0.033333333333333326,0.1,0.9,0.0,1,,,,,
iris,passive,1002,200,95,8550,18000,1.154084218367647,90,90.0,1.0,1,0.05504536235569388,0.9555555555555556,0.9553571428571429,0.0444444444444444,0.058450475182649314,0.9666666666666667,0.9665831244778613,0.033333333333333326,0.06352698398903486,0.8666666666666667,0.861111111111111,0.1333333333333333,0.1,0.9,0.0,1,,,,,
iris,passive,1003,200,200,18000,18000,1.091757011858231,90,90.0,1.0,1,0.052604376626897764,0.9888888888888889,0.9888858016115588,0.011111111111111072,0.057036332127022756,0.9333333333333333,0.9326599326599326,0.06666666666666665,0.05743119703684687,0.9,0.8976982097186701,0.09999999999999998,0.1,0.9,0.0,1,,,,,
iris,passive,1004,200,197,17730,18000,0.9996670840864372,90,90.0,1.0,1,0.05538937080605603,0.9666666666666667,0.9666574048346764,0.033333333333333326,0.055804681152674784,0.9666666666666667,0.9665831244778613,0.033333333333333326,0.05537093080307246,0.9666666666666667,0.9665831244778613,0.033333333333333326,0.1,0.9,0.0,1,,,,,
iris,passive,1000,200,75,6750,18000,0.37294684649591925,90,90.0,1.0,1,0.003846122321012018,0.9888888888888889,0.9888858016115588,0.011111111111111072,0.03915277782423716,0.8666666666666667,0.861111111111111,0.1333333333333333,0.001434399190858998,1.0,1.0,0.0,0.1,0.9,0.0,2,,,,,
iris,passive,1001,200,48,4320,18000,0.3640392562827369,90,90.0,1.0,1,0.006660288703279746,0.9777777777777777,0.9777530589543938,0.022222222222222254,0.014271205094928074,0.9666666666666667,0.9665831244778613,0.033333333333333326,0.002424606546170273,1.0,1.0,0.0,0.1,0.9,0.0,2,,,,,
iris,passive,1002,200,28,2520,18000,6.074377471503852,90,90.0,1.0,1,0.004417580649657215,1.0,1.0,0.0,0.01664527116003392,0.9666666666666667,0.9665831244778613,0.033333333333333326,0.026834052376829138,0.9333333333333333,0.9326599326599326,0.06666666666666665,0.1,0.9,0.0,2,,,,,
iris,passive,1003,200,194,17460,18000,2.5650968349547374,90,90.0,1.0,1,0.004050327917153845,0.9888888888888889,0.9888858016115588,0.011111111111111072,0.013949328665084975,0.9333333333333333,0.9333333333333332,0.06666666666666665,0.010389483320820143,0.9666666666666667,0.9665831244778613,0.033333333333333326,0.1,0.9,0.0,2,,,,,
iris,passive,1004,200,150,13500,18000,2.8571238086334603,90,90.0,1.0,1,0.0074202261852897465,0.9777777777777777,0.9777777777777779,0.022222222222222254,0.00809494278076107,0.9666666666666667,0.9665831244778613,0.033333333333333326,0.02120050489943677,0.9333333333333333,0.9333333333333332,0.06666666666666665,0.1,0.9,0.0,2,,,,,
iris,passive,1000,200,33,2970,18000,0.6364930925431344,90,90.0,1.0,1,0.0037908154807320357,1.0,1.0,0.0,0.048514325671515125,0.8666666666666667,0.861111111111111,0.1333333333333333,0.002412827868591522,1.0,1.0,0.0,0.1,0.9,0.0,3,,,,,
iris,passive,1001,200,34,3060,18000,0.2783366920006763,90,90.0,1.0,1,0.005817365264597946,0.9777777777777777,0.9777530589543938,0.022222222222222254,0.013338812634991556,0.9666666666666667,0.9665831244778613,0.033333333333333326,0.0016191862039078313,1.0,1.0,0.0,0.1,0.9,0.0,3,,,,,
iris,passive,1002,200,28,2520,18000,4.55494194913713,90,90.0,1.0,1,0.005865564873250979,0.9777777777777777,0.9777530589543938,0.022222222222222254,0.01750749549195583,0.9666666666666667,0.9665831244778613,0.033333333333333326,0.026717307496556097,0.9333333333333333,0.9326599326599326,0.06666666666666665,0.1,0.9,0.0,3,,,,,
iris,passive,1003,200,159,14310,18000,2.515240183028583,90,90.0,1.0,1,0.004057922341725486,0.9888888888888889,0.9888858016115588,0.011111111111111072,0.01410076283943499,0.9333333333333333,0.9333333333333332,0.06666666666666665,0.010206649333517387,0.9666666666666667,0.9665831244778613,0.033333333333333326,0.1,0.9,0.0,3,,,,,
iris,passive,1004,200,150,13500,18000,3.1577142130510776,90,90.0,1.0,1,0.006416631846004402,0.9777777777777777,0.9777777777777779,0.022222222222222254,0.006249526473837991,0.9666666666666667,0.9665831244778613,0.033333333333333326,0.020261889580044275,0.9333333333333333,0.9333333333333332,0.06666666666666665,0.1,0.9,0.0,3,,,,,
iris,passive,1000,200,33,2970,18000,0.8570970540769467,90,90.0,1.0,1,0.005522283555876805,1.0,1.0,0.0,0.043936681160310236,0.8666666666666667,0.861111111111111,0.1333333333333333,0.004733132967519575,1.0,1.0,0.0,0.1,0.9,0.0,5,,,,,
iris,passive,1001,200,34,3060,18000,0.5520718224445422,90,90.0,1.0,1,0.0076601110508614,0.9777777777777777,0.9777530589543938,0.022222222222222254,0.01464618573254165,0.9666666666666667,0.9665831244778613,0.033333333333333326,0.0042289314679766305,1.0,1.0,0.0,0.1,0.9,0.0,5,,,,,
iris,passive,1002,200,19,1710,18000,5.480414718708964,90,90.0,1.0,1,0.004891477126267096,0.9777777777777777,0.9777530589543938,0.022222222222222254,0.016651398906734147,0.9666666666666667,0.9665831244778613,0.033333333333333326,0.026807323239022417,0.9333333333333333,0.9326599326599326,0.06666666666666665,0.1,0.9,0.0,5,,,,,
iris,passive,1003,200,198,17820,18000,2.1559159729357344,90,90.0,1.0,1,0.005389472541622597,0.9888888888888889,0.9888858016115588,0.011111111111111072,0.015085626238327253,0.9333333333333333,0.9333333333333332,0.06666666666666665,0.011619249938182705,0.9666666666666667,0.9665831244778613,0.033333333333333326,0.1,0.9,0.0,5,,,,,
iris,passive,1004,200,191,17190,18000,2.738596101137131,90,90.0,1.0,1,0.006829795945304057,0.9777777777777777,0.9777777777777779,0.022222222222222254,0.007750147307479617,0.9666666666666667,0.9665831244778613,0.033333333333333326,0.018704052547371876,0.9333333333333333,0.9333333333333332,0.06666666666666665,0.1,0.9,0.0,5,,,,,
iris,passive,1000,200,74,6660,18000,0.8577660306261561,90,90.0,1.0,1,0.0060269607197365885,1.0,1.0,0.0,0.04907917235271051,0.8666666666666667,0.861111111111111,0.1333333333333333,0.005169722173308215,1.0,1.0,0.0,0.1,0.9,0.0,8,,,,,
iris,passive,1001,200,43,3870,18000,0.6263924043463804,90,90.0,1.0,1,0.008284928484767036,0.9777777777777777,0.9777530589543938,0.022222222222222254,0.014875139918476235,0.9666666666666667,0.9665831244778613,0.033333333333333326,0.005189616273411039,1.0,1.0,0.0,0.1,0.9,0.0,8,,,,,
iris,passive,1002,200,19,1710,18000,4.577085472509893,90,90.0,1.0,1,0.006226929370199742,0.9777777777777777,0.9777530589543938,0.022222222222222254,0.018250477199983614,0.9666666666666667,0.9665831244778613,0.033333333333333326,0.02850118795868642,0.9333333333333333,0.9326599326599326,0.06666666666666665,0.1,0.9,0.0,8,,,,,
iris,passive,1003,200,193,17370,18000,2.17524682458261,90,90.0,1.0,1,0.0056558580518367456,0.9888888888888889,0.9888858016115588,0.011111111111111072,0.015699169687611914,0.9333333333333333,0.9333333333333332,0.06666666666666665,0.01230288726754787,0.9666666666666667,0.9665831244778613,0.033333333333333326,0.1,0.9,0.0,8,,,,,
iris,passive,1004,200,150,13500,18000,2.2716954711416277,90,90.0,1.0,1,0.008216262201803605,0.9777777777777777,0.9777777777777779,0.022222222222222254,0.008646339443366223,0.9666666666666667,0.9665831244778613,0.033333333333333326,0.018664845633549386,0.9333333333333333,0.9333333333333332,0.06666666666666665,0.1,0.9,0.0,8,,,,,
iris,passive,1000,200,73,6570,18000,0.7016824983814657,90,90.0,1.0,1,0.00559120664773911,1.0,1.0,0.0,0.04465830914082231,0.8666666666666667,0.861111111111111,0.1333333333333333,0.003923251849552638,1.0,1.0,0.0,0.1,0.9,0.0,12,,,,,
iris,passive,1001,200,33,2970,18000,0.31103192230271987,90,90.0,1.0,1,0.011829473770422818,0.9666666666666667,0.9665831244778613,0.033333333333333326,0.015062419286007524,0.9333333333333333,0.9333333333333332,0.06666666666666665,0.0036793439666442124,1.0,1.0,0.0,0.1,0.9,0.0,12,,,,,
iris,passive,1002,200,29,2610,18000,3.199246540709555,90,90.0,1.0,1,0.005643894044681488,1.0,1.0,0.0,0.017318870156458676,0.9666666666666667,0.9665831244778613,0.033333333333333326,0.018056208498578506,0.9,0.899749373433584,0.09999999999999998,0.1,0.9,0.0,12,,,,,
iris,passive,1003,200,193,17370,18000,2.1181435144958964,90,90.0,1.0,1,0.005387519538461366,0.9888888888888889,0.9888858016115588,0.011111111111111072,0.01530230206640939,0.9333333333333333,0.9333333333333332,0.06666666666666665,0.011411539569611868,0.9666666666666667,0.9665831244778613,0.033333333333333326,0.1,0.9,0.0,12,,,,,
iris,passive,1004,200,172,15480,18000,1.9553733150643418,90,90.0,1.0,1,0.00890559025595795,0.9777777777777777,0.9777777777777779,0.022222222222222254,0.007141752985857972,1.0,1.0,0.0,0.0174137535413972,0.9333333333333333,0.9333333333333332,0.06666666666666665,0.1,0.9,0.0,12,,,,,
iris,passive,1000,200,72,6480,18000,0.6483434370479478,90,90.0,1.0,1,0.006882697109939864,0.9888888888888889,0.9888858016115588,0.011111111111111072,0.04070761745580649,0.8666666666666667,0.861111111111111,0.1333333333333333,0.004462351500418389,1.0,1.0,0.0,0.1,0.9,0.0,20,,,,,
iris,passive,1001,200,46,4140,18000,0.5929308767987761,90,90.0,1.0,1,0.008147809899219384,0.9888888888888889,0.9888858016115588,0.011111111111111072,0.014513552731129501,0.9666666666666667,0.9665831244778613,0.033333333333333326,0.004831088067533896,1.0,1.0,0.0,0.1,0.9,0.0,20,,,,,
iris,passive,1002,200,28,2520,18000,4.158214043680049,90,90.0,1.0,1,0.006799337030238172,0.9777777777777777,0.9777530589543938,0.022222222222222254,0.019240368308838397,0.9666666666666667,0.9665831244778613,0.033333333333333326,0.028273098726850163,0.9333333333333333,0.9326599326599326,0.06666666666666665,0.1,0.9,0.0,20,,,,,
iris,passive,1003,200,192,17280,18000,2.908602243110648,90,90.0,1.0,1,0.006219549992947386,0.9888888888888889,0.9888858016115588,0.011111111111111072,0.017842523906270048,0.9333333333333333,0.9326599326599326,0.06666666666666665,0.018090197060625587,0.9333333333333333,0.9326599326599326,0.06666666666666665,0.1,0.9,0.0,20,,,,,
iris,passive,1004,200,163,14670,18000,2.1514099778632,90,90.0,1.0,1,0.008949170384680101,0.9777777777777777,0.9777777777777779,0.022222222222222254,0.009089488125572585,0.9666666666666667,0.9665831244778613,0.033333333333333326,0.01925333445919862,0.9333333333333333,0.9333333333333332,0.06666666666666665,0.1,0.9,0.0,20,,,,,
breast_cancer,passive,1000,150,55,18755,51150,4.907727217433659,341,341.0,1.0,1,0.0060609818327633045,0.9853372434017595,0.9841861673020025,0.014662756598240456,0.007589342430601867,0.9823008849557522,0.9808604336043361,0.017699115044247815,0.029745645505023413,0.9478260869565217,0.9425,0.05217391304347829,0.1,0.9,0.0,1,,,,,
breast_cancer,passive,1001,150,6,2046,51150,10.664140167709297,341,341.0,1.0,1,0.0038495378936568444,0.9912023460410557,0.9906340123598076,0.008797653958944274,0.030083206074417727,0.9380530973451328,0.9340008343763037,0.06194690265486724,0.04105201167886499,0.9217391304347826,0.9142431021625652,0.07826086956521738,0.1,0.9,0.0,1,,,,,
breast_cancer,passive,1002,150,146,49786,51150,1.3624037858669449,341,341.0,1.0,1,0.0132798586077175,0.9765395894428153,0.9748246585455889,0.02346041055718473,0.012936662122092957,0.9734513274336283,0.9719672537831803,0.026548672566371723,0.018092529642932058,0.9652173913043478,0.9631882202304738,0.034782608695652195,0.1,0.9,0.0,1,,,,,
breast_cancer,passive,1003,150,36,12276,51150,1.108613461083863,341,341.0,1.0,1,0.00938579349889956,0.9853372434017595,0.9841861673020025,0.014662756598240456,0.01578305625450261,0.9823008849557522,0.9808604336043361,0.017699115044247815,0.010405217015833461,0.9739130434782609,0.9720081135902637,0.02608695652173909,0.1,0.9,0.0,1,,,,,
breast_cancer,passive,1004,150,15,5115,51150,1.33217719940603,341,341.0,1.0,1,0.009475062667118974,0.9853372434017595,0.9841861673020025,0.014662756598240456,0.015869363699398828,0.9734513274336283,0.9711366538952746,0.026548672566371723,0.012622462448079184,0.9739130434782609,0.9717236292107204,0.02608695652173909,0.1,0.9,0.0,1,,,,,
breast_cancer,passive,1000,150,55,18755,51150,4.865662021728408,341,341.0,1.0,1,0.004966427496994335,0.9941348973607038,0.9937061646363972,0.0058651026392961825,0.0073272084886319465,0.9911504424778761,0.9904794001179543,0.008849557522123908,0.024164957655793014,0.9565217391304348,0.952357278979203,0.04347826086956519,0.1,0.9,0.0,2,,,,,
breast_cancer,passive,1001,150,7,2387,51150,7.602518281275096,341,341.0,1.0,1,0.004912316953126206,0.9912023460410557,0.9906340123598076,0.008797653958944274,0.02585498955719336,0.9469026548672567,0.9431589537223339,0.053097345132743334,0.037345979439559564,0.9217391304347826,0.9142431021625652,0.07826086956521738,0.1,0.9,0.0,2,,,,,
breast_cancer,passive,1002,150,91,31031,51150,1.1104882529024456,341,341.0,1.0,1,0.010581460025536157,0.9824046920821115,0.9810555555555556,0.017595307917888547,0.007741455336416838,0.9823008849557522,0.9812292358803987,0.017699115044247815,0.011750587056914714,0.9739130434782609,0.9722691102001446,0.02608695652173909,0.1,0.9,0.0,2,,,,,
breast_cancer,passive,1003,150,36,12276,51150,1.1301758617016777,341,341.0,1.0,1,0.008888477727984515,0.9853372434017595,0.9841861673020025,0.014662756598240456,0.015188368530053316,0.9646017699115044,0.9621059691482227,0.03539823008849563,0.01004554297544107,0.9826086956521739,0.9814276485788114,0.017391304347826098,0.1,0.9,0.0,2,,,,,
breast_cancer,passive,1004,150,37,12617,51150,1.2096073680671773,341,341.0,1.0,1,0.009899177977864139,0.9853372434017595,0.9841861673020025,0.014662756598240456,0.013923760575504705,0.9734513274336283,0.9711366538952746,0.026548672566371723,0.011974118619832804,0.9739130434782609,0.9717236292107204,0.02608695652173909,0.1,0.9,0.0,2,,,,,
breast_cancer,passive,1000,150,49,16709,51150,5.598878338317992,341,341.0,1.0,1,0.004068194239486969,0.9941348973607038,0.9937061646363972,0.0058651026392961825,0.007437187329805583,0.9911504424778761,0.9904794001179543,0.008849557522123908,0.02277732460353363,0.9565217391304348,0.952357278979203,0.04347826086956519,0.1,0.9,0.0,4,,,,,
breast_cancer,passive,1001,150,10,3410,51150,12.01938258772858,341,341.0,1.0,1,0.003388297918057593,0.9912023460410557,0.9906340123598076,0.008797653958944274,0.027407937010528894,0.9557522123893806,0.9523970005897716,0.04424778761061943,0.04072524899833843,0.9304347826086956,0.9233333333333333,0.06956521739130439,0.1,0.9,0.0,4,,,,,
breast_cancer,passive,1002,150,134,45694,51150,1.2111339694978263,341,341.0,1.0,1,0.017174837989847806,0.9618768328445748,0.9597720446110148,0.038123167155425186,0.018744981426666436,0.9646017699115044,0.9627799736495388,0.03539823008849563,0.02080102971012644,0.9652173913043478,0.9634920634920635,0.034782608695652195,0.1,0.9,0.0,4,,,,,
breast_cancer,passive,1003,150,27,9207,51150,1.0846452658369956,341,341.0,1.0,1,0.009810791928590884,0.9853372434017595,0.9841861673020025,0.014662756598240456,0.015717996250185114,0.9734513274336283,0.971438200353863,0.026548672566371723,0.010641229019457911,0.9652173913043478,0.9628552971576227,0.034782608695652195,0.1,0.9,0.0,4,,,,,
breast_cancer,passive,1004,150,55,18755,51150,1.4222269885509586,341,341.0,1.0,1,0.0083017108565348,0.9882697947214076,0.9873703703703702,0.011730205278592365,0.014787604645158405,0.9646017699115044,0.9613013698630137,0.03539823008849563,0.011806917231310289,0.9739130434782609,0.9717236292107204,0.02608695652173909,0.1,0.9,0.0,4,,,,,
breast_cancer,passive,1000,150,52,17732,51150,3.3882494500876463,341,341.0,1.0,1,0.005984065938786665,0.9853372434017595,0.9843900205996795,0.014662756598240456,0.008725565755813918,0.9823008849557522,0.9810529845741114,0.017699115044247815,0.02027550812638213,0.9565217391304348,0.9528727153512007,0.04347826086956519,0.1,0.9,0.0,8,,,,,
breast_cancer,passive,1001,150,5,1705,51150,37.2311155028754,341,341.0,1.0,1,0.0013881894964269618,0.9970674486803519,0.9968582142495186,0.0029325513196480912,0.023812068998671807,0.9646017699115044,0.9613013698630137,0.03539823008849563,0.05168384348135065,0.9130434782608695,0.9017429938482571,0.08695652173913049,0.1,0.9,0.0,8,,,,,
breast_cancer,passive,1002,150,145,49445,51150,1.0774788760780702,341,341.0,1.0,1,0.008559460918632246,0.9853372434017595,0.9842393766003272,0.014662756598240456,0.006864870253923236,0.9911504424778761,0.9905715477680433,0.008849557522123908,0.00922263833044204,0.9826086956521739,0.9815941101152368,0.017391304347826098,0.1,0.9,0.0,8,,,,,
breast_cancer,passive,1003,150,49,16709,51150,1.3505355240883823,341,341.0,1.0,1,0.008619160880553095,0.9882697947214076,0.9873703703703702,0.011730205278592365,0.012354508223323284,0.9823008849557522,0.9810529845741114,0.017699115044247815,0.011640482957019856,0.9739130434782609,0.9722691102001446,0.02608695652173909,0.1,0.9,0.0,8,,,,,
breast_cancer,passive,1004,150,82,27962,51150,1.2112226746024453,341,341.0,1.0,1,0.013373041460045884,0.9765395894428153,0.9749061741114136,0.02346041055718473,0.01263506208921211,0.9823008849557522,0.9808604336043361,0.017699115044247815,0.016197731044806166,0.9739130434782609,0.9722691102001446,0.02608695652173909,0.1,0.9,0.0,8,,,,,
breast_cancer,passive,1000,150,39,13299,51150,3.1228781463639685,341,341.0,1.0,1,0.009331154237066062,0.9853372434017595,0.9841861673020025,0.014662756598240456,0.012400944144938251,0.9823008849557522,0.9808604336043361,0.017699115044247815,0.029140057647285156,0.9391304347826087,0.9325173945846257,0.060869565217391286,0.1,0.9,0.0,16,,,,,
breast_cancer,passive,1001,150,8,2728,51150,12.807864132534446,341,341.0,1.0,1,0.003992836228772987,0.9970674486803519,0.9968582142495186,0.0029325513196480912,0.026604277374162065,0.9646017699115044,0.9613013698630137,0.03539823008849563,0.05113970392158564,0.9130434782608695,0.9017429938482571,0.08695652173913049,0.1,0.9,0.0,16,,,,,
breast_cancer,passive,1002,150,59,20119,51150,2.094047932975411,341,341.0,1.0,1,0.010360490560738556,0.9882697947214076,0.9874123292727944,0.011730205278592365,0.020104121409537237,0.9557522123893806,0.9532787563053005,0.04424778761061943,0.021695363843325828,0.9739130434782609,0.9722691102001446,0.02608695652173909,0.1,0.9,0.0,16,,,,,
breast_cancer,passive,1003,150,85,28985,51150,1.2065412782880716,341,341.0,1.0,1,0.010761693470711266,0.9824046920821115,0.9809907834101382,0.017595307917888547,0.02070818818451302,0.9557522123893806,0.9518944231587909,0.04424778761061943,0.012984427396696365,0.9739130434782609,0.9717236292107204,0.02608695652173909,0.1,0.9,0.0,16,,,,,
breast_cancer,passive,1004,150,87,29667,51150,1.5277347867271485,341,341.0,1.0,1,0.00901827835000298,0.9882697947214076,0.9873703703703702,0.011730205278592365,0.010410946828266264,0.9823008849557522,0.9808604336043361,0.017699115044247815,0.013777537551687865,0.9652173913043478,0.9624918460534899,0.034782608695652195,0.1,0.9,0.0,16,,,,,
breast_cancer,passive,1000,150,92,31372,51150,3.00497382487727,341,341.0,1.0,1,0.006801749911828215,0.9941348973607038,0.9937061646363972,0.0058651026392961825,0.012826101105659593,0.9823008849557522,0.9810529845741114,0.017699115044247815,0.020439080448405065,0.9652173913043478,0.9620962425840476,0.034782608695652195,0.1,0.9,0.0,28,,,,,
breast_cancer,passive,1001,150,26,8866,51150,11.716653905585375,341,341.0,1.0,1,0.004481467739622802,0.9970674486803519,0.9968582142495186,0.0029325513196480912,0.02596328094077007,0.9557522123893806,0.9513476276586584,0.04424778761061943,0.05250780649420636,0.9043478260869565,0.8911827956989247,0.09565217391304348,0.1,0.9,0.0,28,,,,,
breast_cancer,passive,1002,150,93,31713,51150,1.3656642090211522,341,341.0,1.0,1,0.011841066092428465,0.9794721407624634,0.9777839825026757,0.02052785923753664,0.010733562745319681,0.9823008849557522,0.9808604336043361,0.017699115044247815,0.016170920159083505,0.9739130434782609,0.9720081135902637,0.02608695652173909,0.1,0.9,0.0,28,,,,,
breast_cancer,passive,1003,150,67,22847,51150,1.7693972854235749,341,341.0,1.0,1,0.007387097333702128,0.9912023460410557,0.9905436259601963,0.008797653958944274,0.019165767074428196,0.9557522123893806,0.9532787563053005,0.04424778761061943,0.013070709969412272,0.9565217391304348,0.9537818503335744,0.04347826086956519,0.1,0.9,0.0,28,,,,,
breast_cancer,passive,1004,150,64,21824,51150,1.5806948853111933,341,341.0,1.0,1,0.014013541596108639,0.9824046920821115,0.9811796305835603,0.017595307917888547,0.014102161435138446,0.9734513274336283,0.971438200353863,0.026548672566371723,0.02215113352606458,0.9478260869565217,0.9447823303457107,0.05217391304347829,0.1,0.9,0.0,28,,,,,
breast_cancer,passive,1000,150,46,15686,51150,1.909632811691119,341,341.0,1.0,1,0.00913118831435438,0.9912023460410557,0.9906047664967625,0.008797653958944274,0.012272278748758808,0.9823008849557522,0.9810529845741114,0.017699115044247815,0.017437216814821643,0.9739130434782609,0.9720081135902637,0.02608695652173909,0.1,0.9,0.0,40,,,,,
breast_cancer,passive,1001,150,12,4092,51150,9.948601523118835,341,341.0,1.0,1,0.005362557973991287,0.9970674486803519,0.9968582142495186,0.0029325513196480912,0.026078693732301813,0.9469026548672567,0.9412681912681913,0.053097345132743334,0.05334995242786278,0.9043478260869565,0.8911827956989247,0.09565217391304348,0.1,0.9,0.0,40,,,,,
breast_cancer,passive,1002,150,76,25916,51150,1.9860729662551133,341,341.0,1.0,1,0.012131438550458368,0.9794721407624634,0.9782122548079994,0.02052785923753664,0.02550095210077691,0.9469026548672567,0.9441699604743083,0.053097345132743334,0.024093922146850483,0.9652173913043478,0.9631882202304738,0.034782608695652195,0.1,0.9,0.0,40,,,,,
breast_cancer,passive,1003,150,82,27962,51150,1.4728338478837322,341,341.0,1.0,1,0.014920326044234317,0.9736070381231672,0.9719871847531423,0.02639296187683282,0.02383071798410913,0.9557522123893806,0.9532787563053005,0.04424778761061943,0.021975161219409494,0.9478260869565217,0.9452380952380952,0.05217391304347829,0.1,0.9,0.0,40,,,,,
breast_cancer,passive,1004,150,64,21824,51150,1.4313061878225586,341,341.0,1.0,1,0.013839167484434717,0.9765395894428153,0.9745655254717684,0.02346041055718473,0.018561286167468796,0.9646017699115044,0.9613013698630137,0.03539823008849563,0.019808086054784162,0.9565217391304348,0.952357278979203,0.04347826086956519,0.1,0.9,0.0,40,,,,,
optdigits,passive,1000,60,31,104532,202320,1.1572170315978492,3372,3372.0,1.0,1,0.015342113993698118,0.9053973902728352,0.9057533393498479,0.09460260972716483,0.018001877156348673,0.8798932384341637,0.8805419902543937,0.12010676156583633,0.01775415561422316,0.8896797153024911,0.8893716424287975,0.11032028469750887,0.1,0.9,0.0,4,,,,,
optdigits,passive,1001,60,59,198948,202320,1.2609835270790397,3372,3372.0,1.0,1,0.012446140655158514,0.930011862396204,0.9298831636419432,0.06998813760379596,0.01643679660266655,0.896797153024911,0.8956171469929336,0.10320284697508897,0.015694378341863612,0.9030249110320284,0.9028938610317084,0.09697508896797158,0.1,0.9,0.0,4,,,,,
optdigits,passive,1002,60,14,47208,202320,1.0748712629127206,3372,3372.0,1.0,1,0.030306511150436134,0.5818505338078291,0.48501617592520774,0.41814946619217086,0.03135193694614729,0.5765124555160143,0.47951287061356795,0.42348754448398573,0.032575597914747734,0.5649466192170819,0.4684644757250987,0.4350533807829181,0.1,0.9,0.0,4,,,,,
optdigits,passive,1000,60,28,94416,202320,1.2596289145381108,3372,3372.0,1.0,1,0.007619764132100406,0.9635231316725978,0.9634321936927035,0.03647686832740216,0.010605282717770722,0.9323843416370107,0.9332945368459367,0.06761565836298933,0.009598075222754066,0.9377224199288257,0.9379743012997036,0.06227758007117434,0.1,0.9,0.0,8,,,,,
optdigits,passive,1001,60,25,84300,202320,1.5092578777812538,3372,3372.0,1.0,1,0.006612064436223567,0.9744958481613286,0.9744970109112436,0.025504151838671385,0.008779420775102248,0.947508896797153,0.9477308189692796,0.052491103202847,0.009979310338767682,0.9430604982206405,0.9430414732511488,0.05693950177935947,0.1,0.9,0.0,8,,,,,
optdigits,passive,1002,60,34,114648,202320,1.6096973608456946,3372,3372.0,1.0,1,0.0053852628614617405,0.980723606168446,0.9807562762299226,0.019276393831553995,0.007323576663586295,0.9617437722419929,0.961754523510517,0.03825622775800708,0.008668643415555297,0.9466192170818505,0.9466975092438348,0.053380782918149516,0.1,0.9,0.0,8,,,,,
optdigits,passive,1000,60,59,198948,202320,2.1334199208952636,3372,3372.0,1.0,1,0.002429659029766125,0.9902135231316725,0.9902341109077109,0.009786476868327454,0.004993347387257636,0.9653024911032029,0.9653720082050107,0.034697508896797125,0.005183482975086109,0.9590747330960854,0.9591993295025611,0.040925266903914626,0.1,0.9,0.0,16,,,,,
optdigits,passive,1001,60,44,148368,202320,1.8603172871026714,3372,3372.0,1.0,1,0.0028682038872097177,0.9952550415183867,0.9952714472293561,0.004744958481613271,0.0052979701121911695,0.9635231316725978,0.9635415460945014,0.03647686832740216,0.005335769274311319,0.9750889679715302,0.9751446180660415,0.02491103202846978,0.1,0.9,0.0,16,,,,,
optdigits,passive,1002,60,53,178716,202320,2.4865046004129314,3372,3372.0,1.0,1,0.0021651856544014003,0.994661921708185,0.9946612830184142,0.005338078291814985,0.004597168016503967,0.9626334519572953,0.962729444332056,0.03736654804270467,0.005383744090417166,0.9590747330960854,0.9592319870120207,0.040925266903914626,0.1,0.9,0.0,16,,,,,
optdigits,passive,1000,60,23,77556,202320,2.822306749822156,3372,3372.0,1.0,1,0.0013485760494789205,0.9976275207591934,0.9976241036289839,0.0023724792408066353,0.0040462857273849285,0.9724199288256228,0.9725609451000261,0.02758007117437722,0.0038060952870928554,0.9724199288256228,0.9724861011374413,0.02758007117437722,0.1,0.9,0.0,24,,,,,
optdigits,passive,1001,60,53,178716,202320,2.155723645399941,3372,3372.0,1.0,1,0.002140155951526327,0.9931791221826809,0.9931590509011505,0.006820877817319104,0.004351608275187191,0.9697508896797153,0.9697278805298373,0.030249110320284656,0.004613584789548713,0.9670818505338078,0.967223028617545,0.032918149466192204,0.1,0.9,0.0,24,,,,,
optdigits,passive,1002,60,45,151740,202320,3.351691041996777,3372,3372.0,1.0,1,0.0013378008699930426,0.9976275207591934,0.9976262108791969,0.0023724792408066353,0.0035942057277093867,0.9733096085409253,0.9732677282772126,0.026690391459074703,0.004483895191931176,0.9697508896797153,0.969846278085077,0.030249110320284656,0.1,0.9,0.0,24,,,,,
optdigits,passive,1000,60,26,87672,202320,4.28402897232685,3372,3372.0,1.0,1,0.0007801701389365382,0.998220640569395,0.9982214888105947,0.001779359430605032,0.0032140610593149677,0.9759786476868327,0.9759438838024895,0.024021352313167266,0.003342271478548394,0.9724199288256228,0.972581992307683,0.02758007117437722,0.1,0.9,0.0,36,,,,,
optdigits,passive,1001,60,31,104532,202320,4.090165783505007,3372,3372.0,1.0,1,0.0008127285746623847,0.9994068801897983,0.9994042730543665,0.0005931198102017143,0.003044176339974387,0.9848754448398577,0.9848771087244718,0.015124555160142328,0.0033241946073608807,0.9768683274021353,0.9770977016486235,0.02313167259786475,0.1,0.9,0.0,36,,,,,
optdigits,passive,1002,60,53,178716,202320,4.226692969424054,3372,3372.0,1.0,1,0.0008080286431813843,0.9994068801897983,0.9994112744719985,0.0005931198102017143,0.0030758020857377254,0.9759786476868327,0.975906662715847,0.024021352313167266,0.003415288985228014,0.9795373665480427,0.9795975142787142,0.020462633451957313,0.1,0.9,0.0,36,,,,,
optdigits,passive,1000,60,37,124764,202320,4.709029887980839,3372,3372.0,1.0,1,0.0006214613129651116,1.0,1.0,0.0,0.0027305234651827186,0.9822064056939501,0.9821902670101373,0.017793594306049876,0.002926479896976525,0.9768683274021353,0.9770517691986879,0.02313167259786475,0.1,0.9,0.0,48,,,,,
optdigits,passive,1001,60,46,155112,202320,4.6343351965183635,3372,3372.0,1.0,1,0.0006071753986892422,1.0,1.0,0.0,0.0026986912664168417,0.9822064056939501,0.9821900174917622,0.017793594306049876,0.0028138543206056247,0.9813167259786477,0.9813987495703452,0.01868327402135228,0.1,0.9,0.0,48,,,,,
optdigits,passive,1002,60,27,91044,202320,5.762862092179242,3372,3372.0,1.0,1,0.0004852024516251984,0.9997034400948992,0.9997001472290592,0.00029655990510080166,0.002775716411051006,0.9795373665480427,0.9795258474336302,0.020462633451957313,0.002796154815503288,0.9822064056939501,0.9823274020895845,0.017793594306049876,0.1,0.9,0.0,48,,,,,
optdigits,passive,1000,60,58,195576,202320,5.744818212956838,3372,3372.0,1.0,1,0.0004968000891502162,1.0,1.0,0.0,0.002566143146902149,0.9830960854092526,0.9830516054346006,0.01690391459074736,0.0028540262003487428,0.9777580071174378,0.977932494664801,0.022241992882562234,0.1,0.9,0.0,60,,,,,
optdigits,passive,1001,60,39,131508,202320,5.299850452693707,3372,3372.0,1.0,1,0.0005129632855789448,1.0,1.0,0.0,0.0028220941177391806,0.9839857651245552,0.9839964392078346,0.016014234875444844,0.0027186287012908217,0.9848754448398577,0.9849145756521185,0.015124555160142328,0.1,0.9,0.0,60,,,,,
optdigits,passive,1002,60,60,202320,202320,5.836498580184992,3372,3372.0,1.0,1,0.0004658568758256888,1.0,1.0,0.0,0.00243176657310361,0.9830960854092526,0.9830874254941635,0.01690391459074736,0.002718972994326049,0.9795373665480427,0.9796515650345873,0.020462633451957313,0.1,0.9,0.0,60,,,,,
optdigits,passive,1000,60,43,144996,202320,6.244055040681665,3372,3372.0,1.0,1,0.0004027927284595274,1.0,1.0,0.0,0.002363584325011817,0.9839857651245552,0.9838468047032499,0.016014234875444844,0.002515059966487633,0.9777580071174378,0.9779012320400664,0.022241992882562234,0.1,0.9,0.0,80,,,,,
optdigits,passive,1001,60,46,155112,202320,6.414779339384784,3372,3372.0,1.0,1,0.0003762889398199154,1.0,1.0,0.0,0.002359758443892714,0.9839857651245552,0.9839516077033258,0.016014234875444844,0.0024138105167957977,0.9857651245551602,0.9857721057700524,0.014234875444839812,0.1,0.9,0.0,80,,,,,
optdigits,passive,1002,60,58,195576,202320,6.073972207882976,3372,3372.0,1.0,1,0.00041401340195452546,1.0,1.0,0.0,0.002462975302322152,0.9804270462633452,0.9803945646104761,0.019572953736654797,0.0025147058971628712,0.9830960854092526,0.9831669060039644,0.01690391459074736,0.1,0.9,0.0,80,,,,,
optdigits,passive,1000,60,57,192204,202320,5.49203533341665,3372,3372.0,1.0,1,0.0004334756554708139,1.0,1.0,0.0,0.0026431023389367017,0.9830960854092526,0.9830333015969688,0.01690391459074736,0.002380663616021653,0.9857651245551602,0.9857878685712874,0.014234875444839812,0.1,0.9,0.0,100,,,,,
optdigits,passive,1001,60,29,97788,202320,5.635615939422762,3372,3372.0,1.0,1,0.00037549125815399307,1.0,1.0,0.0,0.0022099519384012768,0.9884341637010676,0.9884027709631573,0.011565836298932375,0.002116124519566551,0.9857651245551602,0.9857640667502977,0.014234875444839812,0.1,0.9,0.0,100,,,,,
optdigits,passive,1002,60,44,148368,202320,7.022901473636153,3372,3372.0,1.0,1,0.00035951953860013,1.0,1.0,0.0,0.002416774189958554,0.9857651245551602,0.9857868011212381,0.014234875444839812,0.0025248702974358427,0.9786476868327402,0.9787809955132968,0.02135231316725983,0.1,0.9,0.0,100,,,,,
diabetes,passive,1000,200,7,1855,53000,1.372392711341386,265,265.0,1.0,1,0.018466298960066286,,,,0.02331264945813364,,,,0.025343014098245988,,,,0.1,0.9,0.0,1,50.789171971753824,57.06594559978675,59.49909142422483,,
diabetes,passive,1001,200,182,48230,53000,0.9130613005618291,265,265.0,1.0,1,0.019783284405790268,,,,0.02051614349080573,,,,0.018063351388935413,,,,0.1,0.9,0.0,1,54.503062290635974,55.50339783329754,52.07998758635444,,
diabetes,passive,1002,200,180,47700,53000,0.7696092751246848,265,265.0,1.0,1,0.01957660736637007,,,,0.020126136537452193,,,,0.015066338604632634,,,,0.1,0.9,0.0,1,55.26698982519212,56.03731304457752,48.484280759724655,,
diabetes,passive,1003,200,15,3975,53000,0.9566052158576481,265,265.0,1.0,1,0.020163796945077937,,,,0.01946719513019796,,,,0.019288793329156066,,,,0.1,0.9,0.0,1,56.08971758135162,55.11233183407447,54.859219637008835,,
diabetes,passive,1004,200,4,1060,53000,1.1281605432298545,265,265.0,1.0,1,0.017474607933981593,,,,0.018409449561321557,,,,0.019714163179529398,,,,0.1,0.9,0.0,1,53.041862537489514,54.442172478123155,56.338362376663035,,
diabetes,passive,1000,200,7,1855,53000,1.3453794562085495,265,265.0,1.0,1,0.017300193172274905,,,,0.023898471999263236,,,,0.02327532448241807,,,,0.1,0.9,0.0,2,49.15941176726977,57.778500748631245,57.02024426756061,,
diabetes,passive,1001,200,17,4505,53000,1.019200467744247,265,265.0,1.0,1,0.017942011401279247,,,,0.021295883266068558,,,,0.01828650641245642,,,,0.1,0.9,0.0,2,51.90477000693998,56.54829769029839,52.400698740526444,,
diabetes,passive,1002,200,198,52470,53000,0.8792484718307133,265,265.0,1.0,1,0.01844490287525559,,,,0.0199836685237678,,,,0.016217652666134407,,,,0.1,0.9,0.0,2,53.64574513520857,55.8386235630936,50.30267644205048,,
diabetes,passive,1003,200,15,3975,53000,0.9591895308934504,265,265.0,1.0,1,0.017500116447630845,,,,0.021541346567628544,,,,0.016785928485983787,,,,0.1,0.9,0.0,2,52.25376224485279,57.97403382734587,51.17640561846465,,
diabetes,passive,1004,200,4,1060,53000,1.194980190586885,265,265.0,1.0,1,0.016419009545480815,,,,0.018392077346298417,,,,0.01962039115590655,,,,0.1,0.9,0.0,2,51.41484407760881,54.41647903323863,56.20421365842721,,
diabetes,passive,1000,200,9,2385,53000,1.6427893716267508,265,265.0,1.0,1,0.016332037471212917,,,,0.024191498359638575,,,,0.026830097574718416,,,,0.1,0.9,0.0,4,47.76407649131932,58.1316413524356,61.21985933498981,,
diabetes,passive,1001,200,20,5300,53000,1.4804788649087781,265,265.0,1.0,1,0.01727639428766025,,,,0.022673993850118503,,,,0.025577336604711745,,,,0.1,0.9,0.0,4,50.93288308898766,58.34930924232828,61.97254996812095,,
diabetes,passive,1002,200,24,6360,53000,1.0225316229011414,265,265.0,1.0,1,0.01738346516664344,,,,0.020876796903429376,,,,0.017775142848493377,,,,0.1,0.9,0.0,4,52.079315976936016,57.07278017459433,52.66276353303327,,
diabetes,passive,1003,200,8,2120,53000,0.8595132518421407,265,265.0,1.0,1,0.022100172743022485,,,,0.02264218285040603,,,,0.018995391340628297,,,,0.1,0.9,0.0,4,58.721201045534514,59.436912598440045,54.44038881126337,,
diabetes,passive,1004,200,12,3180,53000,1.36254450222561,265,265.0,1.0,1,0.015677934003492627,,,,0.018735737480521153,,,,0.021361882782714826,,,,0.1,0.9,0.0,4,50.24113724164883,54.92251823208509,58.64551565089129,,
diabetes,passive,1000,200,122,32330,53000,1.8456873575348762,265,265.0,1.0,1,0.014875725634752193,,,,0.023571071752783085,,,,0.027455938738219596,,,,0.1,0.9,0.0,8,45.584823877314165,57.381363832402066,61.92975328870064,,
diabetes,passive,1001,200,25,6625,53000,1.541053122839423,265,265.0,1.0,1,0.017150213956801594,,,,0.023540294755813852,,,,0.026429390775493354,,,,0.1,0.9,0.0,8,50.74654485234427,59.45353130325964,62.996334882536416,,
diabetes,passive,1002,200,22,5830,53000,0.9999337548439573,265,265.0,1.0,1,0.01748928989496358,,,,0.020226952943930787,,,,0.017488131314225414,,,,0.1,0.9,0.0,8,52.23759619145671,56.17748955833467,52.235865918945194,,
diabetes,passive,1003,200,22,5830,53000,0.8747499072876204,265,265.0,1.0,1,0.02263211074366582,,,,0.020015307263390035,,,,0.019797436774744832,,,,0.1,0.9,0.0,8,59.423691224800734,55.88280876772776,55.57782896784978,,
diabetes,passive,1004,200,72,19080,53000,1.3092129817533291,265,265.0,1.0,1,0.015808149413083533,,,,0.01632772602237321,,,,0.02069623442910523,,,,0.1,0.9,0.0,8,50.44934841739689,51.271721266932296,57.72457085983609,,
diabetes,passive,1000,200,21,5565,53000,1.7859689897875242,265,265.0,1.0,1,0.014867055709141245,,,,0.024270795288776372,,,,0.02655210046596983,,,,0.1,0.9,0.0,14,45.57153798310095,58.226837798549454,60.90187206890391,,
diabetes,passive,1001,200,15,3975,53000,1.4336947632263364,265,265.0,1.0,1,0.01769865917109454,,,,0.023778605673207904,,,,0.025374474969726012,,,,0.1,0.9,0.0,14,51.551569240515505,59.753713341662916,61.72629915338292,,
diabetes,passive,1002,200,146,38690,53000,1.0065318999142077,265,265.0,1.0,1,0.016819468920702404,,,,0.0198808899568185,,,,0.01692933200830256,,,,0.1,0.9,0.0,14,51.22750860965808,55.69484586128781,51.394542770564726,,
diabetes,passive,1003,200,10,2650,53000,0.911978425138176,265,265.0,1.0,1,0.02211346279287189,,,,0.021255682522926197,,,,0.020167000972194957,,,,0.1,0.9,0.0,14,58.73885453648068,57.588348349640654,56.09417373209733,,
diabetes,passive,1004,200,131,34715,53000,1.4789666606762344,265,265.0,1.0,1,0.015225325687891937,,,,0.017130569119777398,,,,0.02251774909032963,,,,0.1,0.9,0.0,14,49.51061729893892,52.5171247765756,60.21123472846263,,
diabetes,passive,1000,200,8,2120,53000,1.6552655322960517,265,265.0,1.0,1,0.015230362320373874,,,,0.022602339512527964,,,,0.02521029379329539,,,,0.1,0.9,0.0,22,46.12499359423643,56.18985332612765,59.34308978587989,,
diabetes,passive,1001,200,58,15370,53000,1.3184553555927907,265,265.0,1.0,1,0.016475609204031773,,,,0.020699531231261753,,,,0.021722355191709567,,,,0.1,0.9,0.0,22,49.73847298161551,55.75091018489427,57.11170980416485,,
diabetes,passive,1002,200,79,20935,53000,1.0278350943068897,265,265.0,1.0,1,0.020208926586789407,,,,0.021625360237437028,,,,0.0207714439641737,,,,0.1,0.9,0.0,22,56.15245115490345,58.08697643229601,56.92859162591501,,
diabetes,passive,1003,200,14,3710,53000,1.0357557871684253,265,265.0,1.0,1,0.017525980365316926,,,,0.01999138812928328,,,,0.0181526355891772,,,,0.1,0.9,0.0,22,52.29236164583288,55.849407632233884,53.21902824931485,,
diabetes,passive,1004,200,82,21730,53000,1.415069100926014,265,265.0,1.0,1,0.015578853435077757,,,,0.018599670203867328,,,,0.022045154123833625,,,,0.1,0.9,0.0,22,50.08212999669654,54.72271890912707,59.57603762831607,,
diabetes,passive,1000,200,27,7155,53000,1.7827036882907563,265,265.0,1.0,1,0.014955064421582022,,,,0.02353913643595145,,,,0.026660448502980136,,,,0.1,0.9,0.0,30,45.70622417874722,57.342479025567506,61.026003123347536,,
diabetes,passive,1001,200,95,25175,53000,1.1945747842187546,265,265.0,1.0,1,0.01765896951534242,,,,0.020224273155551867,,,,0.02109495969831574,,,,0.1,0.9,0.0,30,51.49373400024644,55.10717753626415,56.28090299737756,,
diabetes,passive,1002,200,77,20405,53000,0.9279791154459485,265,265.0,1.0,1,0.01714700736074364,,,,0.020137885713396537,,,,0.01591206472316805,,,,0.1,0.9,0.0,30,51.72389992508324,56.05366730583018,49.82649795472581,,
diabetes,passive,1003,200,30,7950,53000,1.002836106994272,265,265.0,1.0,1,0.018804283617543792,,,,0.01932275247832754,,,,0.018857614577833783,,,,0.1,0.9,0.0,30,54.16584118637197,54.907489975695064,54.242596863595274,,
diabetes,passive,1004,200,166,43990,53000,1.260739610429329,265,265.0,1.0,1,0.017310967719907682,,,,0.017649237639371696,,,,0.0218246226993511,,,,0.1,0.9,0.0,30,52.79292425403427,53.30623637880145,59.27730050844501,,
concrete,passive,1000,200,169,104442,123600,1.0517911270881473,618,618.0,1.0,1,0.004632136481711398,,,,0.004990209245621351,,,,0.004872040050925356,,,,0.1,0.9,0.0,2,6.828730509589144,7.087754701241304,7.003332167059421,,
concrete,passive,1001,200,193,119274,123600,1.1770010468851868,618,618.0,1.0,1,0.005074313122577737,,,,0.005266834960997565,,,,0.005972471857497237,,,,0.1,0.9,0.0,2,7.1472328612555005,7.281555353813082,7.754009994925462,,
concrete,passive,1002,200,183,113094,123600,0.9263048530200573,618,618.0,1.0,1,0.004854140185451036,,,,0.004172176160284836,,,,0.004496413611022976,,,,0.1,0.9,0.0,2,6.990455214462519,6.480829843854202,6.7279449203132025,,
concrete,passive,1003,200,180,111240,123600,0.8600348690144137,618,618.0,1.0,1,0.005543039212690277,,,,0.006363416908311638,,,,0.0047672070032278415,,,,0.1,0.9,0.0,2,7.262213194963767,7.781085860726202,6.734835989346906,,
concrete,passive,1004,200,180,111240,123600,0.9881270250691241,618,618.0,1.0,1,0.0050035012303319484,,,,0.004810902552548751,,,,0.004944094785657611,,,,0.1,0.9,0.0,2,7.022203477906027,6.885725161666424,6.980391777076719,,
concrete,passive,1000,200,189,116802,123600,1.3102859279984478,618,618.0,1.0,1,0.003646714354432203,,,,0.00429355481464747,,,,0.0047782385020424594,,,,0.1,0.9,0.0,4,6.058989135332877,6.5744254691239785,6.935586813007599,,
concrete,passive,1001,200,194,119892,123600,1.380470545440423,618,618.0,1.0,1,0.0038928437664547625,,,,0.004512687360477308,,,,0.005373956157592156,,,,0.1,0.9,0.0,4,6.260121864580891,6.740109059420306,7.355231730708245,,
concrete,passive,1002,200,188,116184,123600,1.4171184951424456,618,618.0,1.0,1,0.0033278687665935,,,,0.0035022559348605303,,,,0.004715984378546527,,,,0.1,0.9,0.0,4,5.788051628715682,5.937768212623221,6.890257926773412,,
concrete,passive,1003,200,198,122364,123600,1.1963825817417988,618,618.0,1.0,1,0.003916426241248474,,,,0.00526731744606538,,,,0.004685544137706179,,,,0.1,0.9,0.0,4,6.104357987262485,7.079291007790911,6.676902514865081,,
concrete,passive,1004,200,167,103206,123600,1.0425354728848293,618,618.0,1.0,1,0.0038647264508800236,,,,0.0036986346539016673,,,,0.004029114418038713,,,,0.1,0.9,0.0,4,6.171571771180413,6.037499688296926,6.301460298933417,,
concrete,passive,1000,200,189,116802,123600,1.3709439818286113,618,618.0,1.0,1,0.00304316752231506,,,,0.0036498849676046383,,,,0.004172012200414118,,,,0.1,0.9,0.0,8,5.5349312476560515,6.061622538316129,6.480702499463372,,
concrete,passive,1001,200,170,105060,123600,1.3924440335726238,618,618.0,1.0,1,0.0032748260496202617,,,,0.003935852314990514,,,,0.004560011993781939,,,,0.1,0.9,0.0,8,5.741738624272451,6.294608117613814,6.775358706838885,,
concrete,passive,1002,200,188,116184,123600,1.3061489813912877,618,618.0,1.0,1,0.0035473399333207124,,,,0.0037767203075925286,,,,0.004633354440555487,,,,0.1,0.9,0.0,8,5.975863989880091,6.166045316866049,6.829628212636553,,
concrete,passive,1003,200,155,95790,123600,1.266364966171726,618,618.0,1.0,1,0.00331041590817587,,,,0.005668481442268882,,,,0.004192194729571479,,,,0.1,0.9,0.0,8,5.612240829246085,7.343927543193591,6.315616382470643,,
concrete,passive,1004,200,197,121746,123600,1.108290109441157,618,618.0,1.0,1,0.0037766258275192407,,,,0.0035500735386897724,,,,0.0041855970516995996,,,,0.1,0.9,0.0,8,6.100822414808624,5.9150044928828995,6.422662664902623,,
concrete,passive,1000,200,189,116802,123600,1.4069987752717947,618,618.0,1.0,1,0.0030905891533824616,,,,0.0037880817647351667,,,,0.0043484551536774165,,,,0.1,0.9,0.0,16,5.577889911329827,6.17531296795355,6.616324515494186,,
concrete,passive,1001,200,190,117420,123600,1.394919142459435,618,618.0,1.0,1,0.003196416990106957,,,,0.0039700319014927665,,,,0.004458743246782765,,,,0.1,0.9,0.0,16,5.6725850451868345,6.321880739845733,6.69970272292259,,
concrete,passive,1002,200,173,106914,123600,1.6120480634619698,618,618.0,1.0,1,0.004130068460143934,,,,0.004914441105908643,,,,0.006657868863140388,,,,0.1,0.9,0.0,16,6.448043011659328,7.033740926432386,8.186851613379089,,
concrete,passive,1003,200,181,111858,123600,1.4415242643181492,618,618.0,1.0,1,0.0031164264536360483,,,,0.005328257401118566,,,,0.004492404350879323,,,,0.1,0.9,0.0,16,5.445320667807024,7.120124985227405,6.537842264995686,,
concrete,passive,1004,200,197,121746,123600,1.1295451029695194,618,618.0,1.0,1,0.0033865790350875793,,,,0.003221405746041876,,,,0.0038252937649024153,,,,0.1,0.9,0.0,16,5.777194802844251,5.6345484630337666,6.14000606910255,,
concrete,passive,1000,200,198,122364,123600,1.3918493624852804,618,618.0,1.0,1,0.003775707590021062,,,,0.004575911515757946,,,,0.00525521620210165,,,,0.1,0.9,0.0,28,6.165218557059207,6.787160345325294,7.273519280246515,,
concrete,passive,1001,200,185,114330,123600,1.4160895009896661,618,618.0,1.0,1,0.002906847072587085,,,,0.0039495892756659,,,,0.004116355620473117,,,,0.1,0.9,0.0,28,5.409540700151253,6.3055833092670355,6.437329569764452,,
concrete,passive,1002,200,163,100734,123600,1.4105178471810143,618,618.0,1.0,1,0.004406520862390722,,,,0.005097658253931018,,,,0.0062154763203775875,,,,0.1,0.9,0.0,28,6.660352513831891,7.16365494814797,7.910182593469281,,
concrete,passive,1003,200,190,117420,123600,1.497085130431902,618,618.0,1.0,1,0.0031722999975799062,,,,0.005245490279549291,,,,0.0047492031556460364,,,,0.1,0.9,0.0,28,5.493917635675461,7.064607890910271,6.722106559062652,,
concrete,passive,1004,200,182,112476,123600,1.1302553623820384,618,618.0,1.0,1,0.0034972967241321106,,,,0.0033439605941237025,,,,0.003952838376291455,,,,0.1,0.9,0.0,28,5.870872445053713,5.740728125137131,6.24152813840403,,
concrete,passive,1000,200,198,122364,123600,1.4292957167015097,618,618.0,1.0,1,0.004109243084186612,,,,0.005134589813895855,,,,0.005873323539113226,,,,0.1,0.9,0.0,40,6.431765724040439,7.189557773177098,7.689378925071458,,
concrete,passive,1001,200,193,119274,123600,1.4637534857371386,618,618.0,1.0,1,0.00302662237236664,,,,0.003795723393952485,,,,0.004430229047561678,,,,0.1,0.9,0.0,40,5.519864532271347,6.181538503765226,6.678245660504888,,
concrete,passive,1002,200,163,100734,123600,1.415690485553006,618,618.0,1.0,1,0.004260516152406139,,,,0.005276508171429323,,,,0.006031572180506271,,,,0.1,0.9,0.0,40,6.549081703588902,7.288239036349627,7.792280278743708,,
concrete,passive,1003,200,187,115566,123600,1.4002287595746388,618,618.0,1.0,1,0.005201770968126715,,,,0.007622851349044565,,,,0.007283669310291438,,,,0.1,0.9,0.0,40,7.0351057823085545,8.516354758780436,8.324729463930801,,
concrete,passive,1004,200,198,122364,123600,1.12688679088211,618,618.0,1.0,1,0.0037251824557398895,,,,0.0036591349989488716,,,,0.004197858902999062,,,,0.1,0.9,0.0,40,6.05912871793113,6.0051743425259705,6.4320634911115055,,
concrete,passive,1000,200,199,122982,123600,1.3198006776632134,618,618.0,1.0,1,0.0030576302363497843,,,,0.0036655293476731115,,,,0.004035462457977977,,,,0.1,0.9,0.0,50,5.548068093168509,6.074599512637662,6.3737636663883235,,
concrete,passive,1001,200,189,116802,123600,1.3811746064457084,618,618.0,1.0,1,0.003487901332439949,,,,0.004172701666355227,,,,0.004817400750154209,,,,0.1,0.9,0.0,50,5.9255872327243,6.481237977171011,6.963950707764703,,
concrete,passive,1002,200,187,115566,123600,1.4903704103748527,618,618.0,1.0,1,0.0033351132442542264,,,,0.003994444876782596,,,,0.004970554094485778,,,,0.1,0.9,0.0,50,5.794348243489181,6.341288566255854,7.073782507765525,,
concrete,passive,1003,200,189,116802,123600,1.4005470231041441,618,618.0,1.0,1,0.0036667374465701886,,,,0.005829844091031579,,,,0.0051354382152983685,,,,0.1,0.9,0.0,50,5.906564157929193,7.447722541769649,6.990106185248986,,
concrete,passive,1004,200,200,123600,123600,1.0595185641112594,618,618.0,1.0,1,0.0036286202891593925,,,,0.0030074632978399295,,,,0.003844590558475143,,,,0.1,0.9,0.0,50,5.980082375313108,5.444231351184413,6.15547329733372,,
auto_mpg,passive,1000,200,150,35850,47800,1.367256236360018,239,239.0,1.0,1,0.004015822258650806,,,,0.004910194530916938,,,,0.005490658027253688,,,,0.1,0.9,0.0,1,2.740774803535945,3.0306477454891247,3.204780648672344,0,0
auto_mpg,passive,1001,200,63,15057,47800,0.5523413618811629,239,239.0,1.0,1,0.0047429667208929395,,,,0.003360313659408731,,,,0.00261973669797504,,,,0.1,0.9,0.0,1,3.150765904069831,2.6520457214660134,2.3416388795895453,0,0
auto_mpg,passive,1002,200,29,6931,47800,1.0083331001444942,239,239.0,1.0,1,0.0039252116666063435,,,,0.004016422003216696,,,,0.003957920848512511,,,,0.1,0.9,0.0,1,2.866306568379635,2.8994175758430774,2.8782244016041765,0,0
auto_mpg,passive,1003,200,155,37045,47800,1.2544506139418208,239,239.0,1.0,1,0.004124759865623261,,,,0.004825479923737172,,,,0.0051743075457936815,,,,0.1,0.9,0.0,1,2.7375605071353513,2.9609743724935855,3.0661296239427482,0,0
auto_mpg,passive,1004,200,166,39674,47800,1.0985094902216017,239,239.0,1.0,1,0.005444653297970884,,,,0.005941140631182242,,,,0.005981003318787358,,,,0.1,0.9,0.0,1,3.3757961495748203,3.52635486903316,3.5381653097232983,0,0
auto_mpg,passive,1000,200,177,42303,47800,1.3940679435364358,239,239.0,1.0,1,0.00341648024051203,,,,0.004547299200168581,,,,0.004762805583023473,,,,0.1,0.9,0.0,2,2.527991261830781,2.91650601921466,2.984815826545139,0,0
auto_mpg,passive,1001,200,29,6931,47800,0.5985398394264613,239,239.0,1.0,1,0.003923215895454242,,,,0.003027383834309285,,,,0.0023482010121005223,,,,0.1,0.9,0.0,2,2.8655777899368213,2.5172412631090766,2.216964474431119,0,0
auto_mpg,passive,1002,200,29,6931,47800,1.2224799420351302,239,239.0,1.0,1,0.0031246334250724516,,,,0.004625259307075418,,,,0.003819801688363601,,,,0.1,0.9,0.0,2,2.5573527422445474,3.111423598357437,2.8275578988502676,0,0
auto_mpg,passive,1003,200,33,7887,47800,1.3832526651748183,239,239.0,1.0,1,0.003439950166921179,,,,0.005023055865599747,,,,0.004758320236462282,,,,0.1,0.9,0.0,2,2.5000026417478596,3.0209837985430243,2.940297166678243,0,0
auto_mpg,passive,1004,200,48,11472,47800,1.1237359727860614,239,239.0,1.0,1,0.004759856478128091,,,,0.0053376177010365095,,,,0.005348821949771306,,,,0.1,0.9,0.0,2,3.1563708748738604,3.3424493188941145,3.345955564893713,0,0
auto_mpg,passive,1000,200,150,35850,47800,1.8410878681682588,239,239.0,1.0,1,0.0026978616024651127,,,,0.003987955264715247,,,,0.004967000266295497,,,,0.1,0.9,0.0,4,2.2464458025425738,2.731248719881423,3.0481280215277,0,0
auto_mpg,passive,1001,200,197,47083,47800,0.6935706373659207,239,239.0,1.0,1,0.0034658389231265042,,,,0.002602957390466701,,,,0.002403804110920466,,,,0.1,0.9,0.0,4,2.6933654562714784,2.3341277820812874,2.2430586799977985,0,0
auto_mpg,passive,1002,200,20,4780,47800,1.3421725444564305,239,239.0,1.0,1,0.002742103244512842,,,,0.004068246053608695,,,,0.003680375688850035,,,,0.1,0.9,0.0,4,2.395703126895768,2.9180632713464845,2.7754740748642703,0,0
auto_mpg,passive,1003,200,187,44693,47800,1.34248808495144,239,239.0,1.0,1,0.0029757120401372465,,,,0.0045332389124366265,,,,0.003994857958130794,,,,0.1,0.9,0.0,4,2.325197477296281,2.869912765380039,2.6941083816978266,0,0
auto_mpg,passive,1004,200,192,45888,47800,1.2727199273225536,239,239.0,1.0,1,0.0035828448531213673,,,,0.004386376662360027,,,,0.004559958041072612,,,,0.1,0.9,0.0,4,2.7384517898597998,3.030009983954002,3.0893813583535694,0,0
auto_mpg,passive,1000,200,181,43259,47800,1.6925477962174433,239,239.0,1.0,1,0.002725170634456683,,,,0.004100345232254071,,,,0.00461248155166615,,,,0.1,0.9,0.0,8,2.2577869684529315,2.769467824060835,2.9373346800268627,0,0
auto_mpg,passive,1001,200,197,47083,47800,0.7036514253395343,239,239.0,1.0,1,0.003644754561236219,,,,0.0027061788503458537,,,,0.0025646367420266345,,,,0.1,0.9,0.0,8,2.7620099735206396,2.379958291641267,2.316882601872206,0,0
auto_mpg,passive,1002,200,195,46605,47800,1.319644721491331,239,239.0,1.0,1,0.0028554493016070093,,,,0.003924182601991827,,,,0.003768178598351797,,,,0.1,0.9,0.0,8,2.4447154954809815,2.8659308169217064,2.8083862479211628,0,0
auto_mpg,passive,1003,200,186,44454,47800,1.276491963570456,239,239.0,1.0,1,0.0030459894714410843,,,,0.004385484083985072,,,,0.003888181081414765,,,,0.1,0.9,0.0,8,2.3524943601441453,2.8227548455859903,2.65789385700875,0,0
auto_mpg,passive,1004,200,127,30353,47800,1.7709419205560046,239,239.0,1.0,1,0.0025630312019497546,,,,0.003111835033633177,,,,0.004538979399225864,,,,0.1,0.9,0.0,8,2.3161572690840657,2.552109953564666,3.082266628439562,0,0
auto_mpg,passive,1000,200,150,35850,47800,1.889499732407475,239,239.0,1.0,1,0.0028168899269320003,,,,0.004399445271237588,,,,0.005322512763159326,,,,0.1,0.9,0.0,14,2.2954669816720825,2.868699591309512,3.1553276819590725,0,0
auto_mpg,passive,1001,200,197,47083,47800,0.675777044601333,239,239.0,1.0,1,0.0038763607797636735,,,,0.0028907832488063822,,,,0.002619555631557214,,,,0.1,0.9,0.0,14,2.8484145387555695,2.4597947096668062,2.341557955523677,0,0
auto_mpg,passive,1002,200,44,10516,47800,1.282336594550534,239,239.0,1.0,1,0.0030025372808500815,,,,0.004613602193605098,,,,0.003850263431736314,,,,0.1,0.9,0.0,14,2.5068901426666614,3.1075002399601783,2.8388099626584,0,0
auto_mpg,passive,1003,200,186,44454,47800,1.2902834095944593,239,239.0,1.0,1,0.002997605138431241,,,,0.004482895683262214,,,,0.0038677601786329327,,,,0.1,0.9,0.0,14,2.333735347777796,2.8539325744964765,2.650904979116849,0,0
auto_mpg,passive,1004,200,186,44454,47800,1.555951319672401,239,239.0,1.0,1,0.002728194120640851,,,,0.003030385155661516,,,,0.004244937242333617,,,,0.1,0.9,0.0,14,2.3896193853067564,2.518488739278336,2.9807581177918325,0,0
auto_mpg,passive,1000,200,149,35611,47800,1.5320468803772145,239,239.0,1.0,1,0.0031613385783808385,,,,0.004882932403927645,,,,0.004843318906824502,,,,0.1,0.9,0.0,22,2.4317650779881075,3.022222732497045,3.0099386576219302,0,0
auto_mpg,passive,1001,200,192,45888,47800,0.5666983502970064,239,239.0,1.0,1,0.0038683885089496823,,,,0.0027999390255119875,,,,0.0021922093863296814,,,,0.1,0.9,0.0,22,2.8454839524259303,2.420836090400522,2.1420623844030944,0,0
auto_mpg,passive,1002,200,73,17447,47800,1.1442973079010037,239,239.0,1.0,1,0.0032349038265679195,,,,0.004310896762701557,,,,0.0037016917400603255,,,,0.1,0.9,0.0,22,2.6020868337731957,3.003826951637199,2.7834999852128646,0,0
auto_mpg,passive,1003,200,186,44454,47800,1.3681543566174827,239,239.0,1.0,1,0.0031837925656854537,,,,0.00489195466623595,,,,0.004355919669308907,,,,0.1,0.9,0.0,22,2.405120135157202,2.9812994769075276,2.8132240597614073,0,0
auto_mpg,passive,1004,200,126,30114,47800,1.6807043092650333,239,239.0,1.0,1,0.002838883512148816,,,,0.0034650337882826143,,,,0.004771323752369968,,,,0.1,0.9,0.0,22,2.4376137145058445,2.6930525957521287,3.1601706949854567,0,0
auto_mpg,passive,1000,200,181,43259,47800,1.5528401986340088,239,239.0,1.0,1,0.0029024871809664853,,,,0.005049754524180986,,,,0.0045070987706246615,,,,0.1,0.9,0.0,30,2.3300823327613602,3.0734152741109195,2.903585704629122,0,0
auto_mpg,passive,1001,200,192,45888,47800,0.6660332478314527,239,239.0,1.0,1,0.0036536177750788605,,,,0.002659202782956047,,,,0.0024334309130704993,,,,0.1,0.9,0.0,30,2.765366224273197,2.359211229394465,2.2568391591977974,0,0
auto_mpg,passive,1002,200,107,25573,47800,1.108533129960908,239,239.0,1.0,1,0.0036375102093976434,,,,0.004741200837462063,,,,0.004032300577688328,,,,0.1,0.9,0.0,30,2.7592637084297245,3.1501793088426635,2.9051432198581493,0,0
auto_mpg,passive,1003,200,185,44215,47800,1.325829987084424,239,239.0,1.0,1,0.0031115556746384417,,,,0.004652219871038093,,,,0.004125393819918351,,,,0.1,0.9,0.0,30,2.377678770232879,2.907331193573897,2.7377708735105264,0,0
auto_mpg,passive,1004,200,185,44215,47800,1.6724744658387,239,239.0,1.0,1,0.003097764330864434,,,,0.0034410930266214643,,,,0.005180931744556673,,,,0.1,0.9,0.0,30,2.5463335120855515,2.6837329921273634,3.293025045393848,0,0
