problem,strategy,seed,epochs_run,best_epoch,presentations,presentations_total,rho,subset_final,subset_mean,subset_frac_mean,converged,train_mse,train_accuracy,train_macro_f1,train_error_rate,val_mse,val_accuracy,val_macro_f1,val_error_rate,gen_mse,gen_accuracy,gen_macro_f1,gen_error_rate,eta,alpha,lam,p_beta,train_rmse,val_rmse,gen_rmse,operator_calls,operator_evals
iris,sasla,1000,200,9,624,6341,0.9829770060632143,26,31.705,0.35227777777777775,1,0.14628346999327238,0.6555555555555556,0.545097316878492,0.34444444444444444,0.17298090745451392,0.5333333333333333,0.446078431372549,0.4666666666666667,0.1437932873705249,0.6666666666666666,0.5555555555555555,0.33333333333333337,0.3,0.0,0.0001,0.1,,,,,
iris,sasla,1001,200,10,687,6967,0.9805585558378362,30,34.835,0.38705555555555554,1,0.13748521270726854,0.6333333333333333,0.5243568691844555,0.3666666666666667,0.14171618437343533,0.6333333333333333,0.5243568691844555,0.3666666666666667,0.13481230162129698,0.6666666666666666,0.5555555555555555,0.33333333333333337,0.3,0.0,0.0001,0.1,,,,,
iris,sasla,1002,200,5,381,6858,1.081451296853074,29,34.29,0.381,1,0.1550141771303978,0.6666666666666666,0.5555555555555555,0.33333333333333337,0.16407696315585388,0.6333333333333333,0.5243568691844555,0.3666666666666667,0.16764028288828084,0.6,0.49350649350649345,0.4,0.3,0.0,0.0001,0.1,,,,,
iris,sasla,1003,200,4,322,9644,1.003059242883615,47,48.22,0.5357777777777778,1,0.1568139313485891,0.6666666666666666,0.5555555555555555,0.33333333333333337,0.15832777281487473,0.6666666666666666,0.5555555555555555,0.33333333333333337,0.15729366325211896,0.6666666666666666,0.5555555555555555,0.33333333333333337,0.3,0.0,0.0001,0.1,,,,,
iris,sasla,1004,200,10,685,6435,1.0611359136145826,28,32.175,0.3575,1,0.14449969365875528,0.6444444444444445,0.5370370370370371,0.3555555555555555,0.14263776393199262,0.6666666666666666,0.5555555555555555,0.33333333333333337,0.1533338144476106,0.6,0.5,0.4,0.3,0.0,0.0001,0.1,,,,,
iris,sasla,1000,200,9,748,7179,0.9878570685395484,29,35.895,0.3988333333333334,1,0.15125510643476495,0.6555555555555556,0.545097316878492,0.34444444444444444,0.18061541981537402,0.5333333333333333,0.446078431372549,0.4666666666666667,0.1494184260442843,0.6666666666666666,0.5555555555555555,0.33333333333333337,0.3,0.0,0.0001,0.3,,,,,
iris,sasla,1001,200,8,670,8187,0.9764521917399348,32,40.935,0.45483333333333337,1,0.1301238803471848,0.6333333333333333,0.5243568691844555,0.3666666666666667,0.1341319624314668,0.6333333333333333,0.5243568691844555,0.3666666666666667,0.12705974816271362,0.6666666666666666,0.5555555555555555,0.33333333333333337,0.3,0.0,0.0001,0.3,,,,,
iris,sasla,1002,200,8,680,9072,1.058998221985039,34,45.36,0.504,1,0.11382104575929665,0.6555555555555556,0.5474638355994288,0.34444444444444444,0.12014298416911427,0.6333333333333333,0.5243568691844555,0.3666666666666667,0.1205362850835729,0.6,0.49350649350649345,0.4,0.3,0.0,0.0001,0.3,,,,,
iris,sasla,1003,200,10,816,8258,1.0578116537316682,36,41.29,0.4587777777777778,1,0.14792904772002416,0.6555555555555556,0.545097316878492,0.34444444444444444,0.1601895826128907,0.5666666666666667,0.46962233169129725,0.43333333333333335,0.15648107060366961,0.6,0.49350649350649345,0.4,0.3,0.0,0.0001,0.3,,,,,
iris,sasla,1004,200,8,654,7057,1.0615014861374217,29,35.285,0.3920555555555555,1,0.15090436342995772,0.6444444444444445,0.5370370370370371,0.3555555555555555,0.15081901610458595,0.6333333333333333,0.5308432371250708,0.3666666666666667,0.1601852060455217,0.6,0.5,0.4,0.3,0.0,0.0001,0.3,,,,,
iris,sasla,1000,200,21,1635,10493,0.9867021670718038,49,52.465,0.5829444444444445,1,0.09998789238790307,0.6555555555555556,0.545097316878492,0.34444444444444444,0.12930467415774075,0.5333333333333333,0.446078431372549,0.4666666666666667,0.09865827010008626,0.6666666666666666,0.5555555555555555,0.33333333333333337,0.3,0.0,0.0001,0.5,,,,,
iris,sasla,1001,200,138,8213,11054,0.7152459603633106,44,55.27,0.6141111111111112,1,0.009300414147961998,0.9777777777777777,0.9777530589543938,0.022222222222222254,0.013233997696879073,0.9666666666666667,0.9665831244778613,0.033333333333333326,0.0066520836490356,1.0,1.0,0.0,0.3,0.0,0.0001,0.5,,,,,
iris,sasla,1002,200,101,6582,11408,2.201760862492959,45,57.04,0.6337777777777778,1,0.006786471413268079,0.9888888888888889,0.9888858016115587,0.011111111111111072,0.013275240773623994,0.9666666666666667,0.9665831244778613,0.033333333333333326,0.014942187152160937,0.9333333333333333,0.9326599326599326,0.06666666666666665,0.3,0.0,0.0001,0.5,,,,,
iris,sasla,1003,200,199,11977,12029,2.2673615324255976,50,60.145,0.6682777777777779,1,0.006808725002703274,0.9888888888888889,0.9888858016115588,0.011111111111111072,0.017670680185102598,0.9,0.899749373433584,0.09999999999999998,0.015437841155993776,0.9333333333333333,0.9326599326599326,0.06666666666666665,0.3,0.0,0.0001,0.5,,,,,
iris,sasla,1004,200,19,1511,10625,1.0593195831426694,49,53.125,0.5902777777777778,1,0.1013922415158555,0.6444444444444445,0.5370370370370371,0.3555555555555555,0.1021364686652373,0.6333333333333333,0.5308432371250708,0.3666666666666667,0.10740678701647689,0.6333333333333333,0.5308432371250708,0.3666666666666667,0.3,0.0,0.0001,0.5,,,,,
iris,sasla,1000,200,88,7213,15359,0.6168886328271217,68,76.795,0.8532777777777778,1,0.008868348592152612,0.9777777777777777,0.9777530589543938,0.022222222222222254,0.02598308028957262,0.9,0.8976982097186701,0.09999999999999998,0.005470783438447354,1.0,1.0,0.0,0.3,0.0,0.0001,0.7,,,,,
iris,sasla,1001,200,151,11417,14625,0.5856382822879193,64,73.125,0.8125,1,0.009352234378153116,0.9666666666666667,0.9666574048346764,0.033333333333333326,0.012533942241707896,0.9666666666666667,0.9665831244778613,0.033333333333333326,0.0054770264767756175,1.0,1.0,0.0,0.3,0.0,0.0001,0.7,,,,,
iris,sasla,1002,200,96,7861,15153,2.225784960190624,71,75.765,0.8418333333333333,1,0.0066486891945723966,1.0,1.0,0.0,0.012845806933031402,0.9666666666666667,0.9665831244778613,0.033333333333333326,0.014798552414261153,0.9333333333333333,0.9326599326599326,0.06666666666666665,0.3,0.0,0.0001,0.7,,,,,
iris,sasla,1003,200,200,15474,15474,2.1488334373989857,74,77.37,0.8596666666666667,1,0.0067550526464326905,0.9888888888888889,0.9888858016115588,0.011111111111111072,0.016964401482843238,0.9,0.899749373433584,0.09999999999999998,0.014515482998045073,0.9333333333333333,0.9326599326599326,0.06666666666666665,0.3,0.0,0.0001,0.7,,,,,
iris,sasla,1004,200,190,14330,15034,1.601487725482886,74,75.17,0.8352222222222222,1,0.010036773913362657,0.9777777777777777,0.9777777777777779,0.022222222222222254,0.010365155444522994,0.9666666666666667,0.9665831244778613,0.033333333333333326,0.01607377022569713,0.9333333333333333,0.9333333333333332,0.06666666666666665,0.3,0.0,0.0001,0.7,,,,,
iris,sasla,1000,200,99,8908,17952,0.7357787253647052,90,89.76,0.9973333333333334,1,0.008695858518381791,0.9888888888888889,0.9888858016115588,0.011111111111111072,0.029462861452953418,0.8666666666666667,0.861111111111111,0.1333333333333333,0.006398227696606768,1.0,1.0,0.0,0.3,0.0,0.0001,0.9,,,,,
iris,sasla,1001,200,148,13217,17811,0.48711146145766565,89,89.055,0.9895,1,0.009940759465927937,0.9888888888888889,0.9888858016115587,0.011111111111111072,0.012465612290831507,0.9666666666666667,0.9665831244778613,0.033333333333333326,0.004842257871447281,1.0,1.0,0.0,0.3,0.0,0.0001,0.9,,,,,
iris,sasla,1002,200,102,9180,18000,2.3130149417239108,90,90.0,1.0,1,0.007311843714344991,0.9777777777777777,0.9777530589543938,0.022222222222222254,0.014449234600765698,0.9666666666666667,0.9665831244778613,0.033333333333333326,0.016912403762830024,0.9333333333333333,0.9326599326599326,0.06666666666666665,0.3,0.0,0.0001,0.9,,,,,
iris,sasla,1003,200,197,17645,17912,2.245245732688004,89,89.56,0.9951111111111112,1,0.00687327410863656,0.9888888888888889,0.9888858016115588,0.011111111111111072,0.01701765434768435,0.9,0.899749373433584,0.09999999999999998,0.015432189362011184,0.9333333333333333,0.9326599326599326,0.06666666666666665,0.3,0.0,0.0001,0.9,,,,,
iris,sasla,1004,200,175,15746,17996,1.379358730244502,90,89.98,0.9997777777777779,1,0.010549441962513688,0.9777777777777777,0.9777777777777779,0.022222222222222254,0.007892312008393973,1.0,1.0,0.0,0.014551464870200951,0.9333333333333333,0.9333333333333332,0.06666666666666665,0.3,0.0,0.0001,0.9,,,,,
breast_cancer,sasla,1000,150,32,5125,16843,1.7559410753903224,93,112.28666666666666,0.32928641251221896,1,0.014176849041874776,0.9853372434017595,0.9843900205996795,0.014662756598240456,0.015933280775809733,0.9823008849557522,0.9810529845741114,0.017699115044247815,0.024893711552235857,0.9565217391304348,0.9533468559837728,0.04347826086956519,0.01,0.9,0.0001,0.1,,,,,
breast_cancer,sasla,1001,150,23,4035,17750,4.445947909039945,105,118.33333333333333,0.3470185728250244,1,0.01040175715178197,0.9970674486803519,0.9968582142495186,0.0029325513196480912,0.020513102078647063,0.9646017699115044,0.9617208672086721,0.03539823008849563,0.046245670459306346,0.9217391304347826,0.9121466768525592,0.07826086956521738,0.01,0.9,0.0001,0.1,,,,,
breast_cancer,sasla,1002,150,97,13049,18735,1.260345109025701,118,124.9,0.3662756598240469,1,0.020202643782716505,0.9648093841642229,0.9625932426502852,0.035190615835777095,0.022913577706116673,0.9557522123893806,0.9532787563053005,0.04424778761061943,0.025462303280935232,0.9478260869565217,0.9452380952380952,0.05217391304347829,0.01,0.9,0.0001,0.1,,,,,
breast_cancer,sasla,1003,150,113,14487,18328,0.8561902093972823,103,122.18666666666667,0.3583186705767351,1,0.018423736632853547,0.9794721407624634,0.9779351272404581,0.02052785923753664,0.01757936860998798,0.9823008849557522,0.9810529845741114,0.017699115044247815,0.01577422292556326,0.9739130434782609,0.9722691102001446,0.02608695652173909,0.01,0.9,0.0001,0.1,,,,,
breast_cancer,sasla,1004,150,136,15948,17327,0.7585128844122296,96,115.51333333333334,0.3387487781036168,1,0.019520887870531543,0.9794721407624634,0.9779351272404581,0.02052785923753664,0.013897374330029945,0.9734513274336283,0.9711366538952746,0.026548672566371723,0.014806844964964589,0.9826086956521739,0.981245923026745,0.017391304347826098,0.01,0.9,0.0001,0.1,,,,,
breast_cancer,sasla,1000,150,25,5023,19932,2.180884932264112,101,132.88,0.3896774193548387,1,0.013567045401567269,0.9912023460410557,0.9905436259601963,0.008797653958944274,0.014481466985291881,0.9911504424778761,0.9904794001179543,0.008849557522123908,0.029588164891621162,0.9478260869565217,0.9425,0.05217391304347829,0.01,0.9,0.0001,0.3,,,,,
breast_cancer,sasla,1001,150,23,4755,20474,4.73639181338296,109,136.49333333333334,0.4002737047898338,1,0.010770334078543524,0.9941348973607038,0.9937061646363972,0.0058651026392961825,0.02122877184032216,0.9734513274336283,0.9711366538952746,0.026548672566371723,0.05101252215701305,0.9130434782608695,0.9017429938482571,0.08695652173913049,0.01,0.9,0.0001,0.3,,,,,
breast_cancer,sasla,1002,150,83,13436,21890,1.0355688486621,126,145.93333333333334,0.42795698924731185,1,0.017447866825799074,0.9824046920821115,0.9809907834101382,0.017595307917888547,0.016395670345996483,0.9823008849557522,0.9810529845741114,0.017699115044247815,0.018068467360402397,0.9739130434782609,0.9722691102001446,0.02608695652173909,0.01,0.9,0.0001,0.3,,,,,
breast_cancer,sasla,1003,150,144,21332,22064,0.7061869435506068,122,147.09333333333333,0.4313587487781036,1,0.01872189011672133,0.9765395894428153,0.9745655254717684,0.02346041055718473,0.016930322303470233,0.9911504424778761,0.9904794001179543,0.008849557522123908,0.013221154359017748,0.9826086956521739,0.9814276485788114,0.017391304347826098,0.01,0.9,0.0001,0.3,,,,,
breast_cancer,sasla,1004,150,145,19807,20417,0.7808475456830845,116,136.11333333333334,0.39915933528836756,1,0.019533709749913225,0.9736070381231672,0.9714365489320117,0.02639296187683282,0.013678481903507577,0.9734513274336283,0.9711366538952746,0.026548672566371723,0.015252849316305479,0.9739130434782609,0.9717236292107204,0.02608695652173909,0.01,0.9,0.0001,0.3,,,,,
breast_cancer,sasla,1000,150,35,7554,23979,1.913787008171331,133,159.86,0.46879765395894435,1,0.012834159836610855,0.9912023460410557,0.9905746427485558,0.008797653958944274,0.014397368659387413,0.9911504424778761,0.9904794001179543,0.008849557522123908,0.024561848356100147,0.9652173913043478,0.9624918460534899,0.034782608695652195,0.01,0.9,0.0001,0.5,,,,,
breast_cancer,sasla,1001,150,20,5062,25300,3.941041713455577,148,168.66666666666666,0.49462365591397844,1,0.010779092574946062,0.9912023460410557,0.9906047664967625,0.008797653958944274,0.018462966204091505,0.9646017699115044,0.9617208672086721,0.03539823008849563,0.042480853471061716,0.9391304347826087,0.9325173945846257,0.060869565217391286,0.01,0.9,0.0001,0.5,,,,,
breast_cancer,sasla,1002,150,97,18360,26506,1.111840072711864,153,176.70666666666668,0.5182013685239492,1,0.017025376042093122,0.9736070381231672,0.9716308778805891,0.02639296187683282,0.0171147645364785,0.9734513274336283,0.9717146433041302,0.026548672566371723,0.018929495336587644,0.9739130434782609,0.9722691102001446,0.02608695652173909,0.01,0.9,0.0001,0.5,,,,,
breast_cancer,sasla,1003,150,150,27029,27029,0.7909632742520492,162,180.19333333333333,0.5284261974584555,1,0.017749957399801994,0.9794721407624634,0.9779351272404581,0.02052785923753664,0.016053009116077828,0.9823008849557522,0.9810529845741114,0.017699115044247815,0.014039564422781774,0.9826086956521739,0.9815941101152368,0.017391304347826098,0.01,0.9,0.0001,0.5,,,,,
breast_cancer,sasla,1004,150,149,24823,24970,0.7867451136744669,144,166.46666666666667,0.4881720430107527,1,0.019795752288829543,0.9765395894428153,0.9745655254717684,0.02346041055718473,0.01375701937224047,0.9734513274336283,0.9711366538952746,0.026548672566371723,0.015574211384746788,0.9652173913043478,0.9620962425840476,0.034782608695652195,0.01,0.9,0.0001,0.5,,,,,
breast_cancer,sasla,1000,150,31,8237,31030,2.0229911277867925,170,206.86666666666667,0.6066471163245357,1,0.013114468898769608,0.9912023460410557,0.9905436259601963,0.008797653958944274,0.013264701040196506,0.9911504424778761,0.9904794001179543,0.008849557522123908,0.026530454227846743,0.9478260869565217,0.9425,0.05217391304347829,0.01,0.9,0.0001,0.7,,,,,
breast_cancer,sasla,1001,150,28,7749,32769,4.239116522495222,198,218.46,0.6406451612903226,1,0.010192600158018622,0.9970674486803519,0.9968582142495186,0.0029325513196480912,0.01708270970506526,0.9734513274336283,0.9711366538952746,0.026548672566371723,0.04320761973704416,0.9217391304347826,0.9121466768525592,0.07826086956521738,0.01,0.9,0.0001,0.7,,,,,
breast_cancer,sasla,1002,150,125,28316,33566,0.9765931117131754,208,223.77333333333334,0.6562267839687195,1,0.01722004411347263,0.9824046920821115,0.9809907834101382,0.017595307917888547,0.015829105087310835,0.9823008849557522,0.9808604336043361,0.017699115044247815,0.016816976464614386,0.9739130434782609,0.9720081135902637,0.02608695652173909,0.01,0.9,0.0001,0.7,,,,,
breast_cancer,sasla,1003,150,144,32574,33844,0.7527067145623825,214,225.62666666666667,0.6616617790811339,1,0.017198238255700545,0.9824046920821115,0.9810555555555556,0.017595307917888547,0.015614079712618934,0.9911504424778761,0.9904794001179543,0.008849557522123908,0.012945229413709437,0.9826086956521739,0.9815941101152368,0.017391304347826098,0.01,0.9,0.0001,0.7,,,,,
breast_cancer,sasla,1004,150,143,31669,33156,0.8157694974500581,220,221.04,0.6482111436950146,1,0.018509363161138184,0.9706744868035191,0.9686327176392671,0.029325513196480912,0.011958061840618314,0.9911504424778761,0.9904794001179543,0.008849557522123908,0.015099373884082315,0.9826086956521739,0.9814276485788114,0.017391304347826098,0.01,0.9,0.0001,0.7,,,,,
breast_cancer,sasla,1000,150,146,41319,42403,1.9357705087712538,272,282.68666666666667,0.8289931573802541,1,0.012908289078026384,0.9882697947214076,0.9874123292727944,0.011730205278592365,0.012434272588870691,0.9911504424778761,0.9904794001179543,0.008849557522123908,0.02498748531593755,0.9565217391304348,0.952357278979203,0.04347826086956519,0.01,0.9,0.0001,0.9,,,,,
breast_cancer,sasla,1001,150,33,10439,43808,4.237429355826713,281,292.05333333333334,0.8564613880742913,1,0.010399816426293763,0.9941348973607038,0.9937061646363972,0.0058651026392961825,0.015787826539164797,0.9823008849557522,0.9808604336043361,0.017699115044247815,0.04406848741998605,0.9130434782608695,0.9017429938482571,0.08695652173913049,0.01,0.9,0.0001,0.9,,,,,
breast_cancer,sasla,1002,150,149,43068,43346,0.923668519106996,280,288.97333333333336,0.8474291300097753,1,0.017016111527061912,0.9824046920821115,0.9809907834101382,0.017595307917888547,0.015699432951274257,0.9823008849557522,0.9808604336043361,0.017699115044247815,0.01571724653516076,0.9739130434782609,0.9720081135902637,0.02608695652173909,0.01,0.9,0.0001,0.9,,,,,
breast_cancer,sasla,1003,150,148,43271,43840,0.6663875701039476,285,292.26666666666665,0.8570869990224829,1,0.017309875319268777,0.9765395894428153,0.9745655254717684,0.02346041055718473,0.015787368250274537,0.9911504424778761,0.9904794001179543,0.008849557522123908,0.011535085752809813,0.9826086956521739,0.9814276485788114,0.017391304347826098,0.01,0.9,0.0001,0.9,,,,,
breast_cancer,sasla,1004,150,149,43992,44280,0.7993670839863625,288,295.2,0.8656891495601172,1,0.01856259825762697,0.9736070381231672,0.9714365489320117,0.02639296187683282,0.01249360175738134,0.9734513274336283,0.9711366538952746,0.026548672566371723,0.014838330040409605,0.9652173913043478,0.9620962425840476,0.034782608695652195,0.01,0.9,0.0001,0.9,,,,,
optdigits,sasla,1000,60,53,75707,85668,2.4620758154806075,1427,1427.8,0.4234282325029656,1,0.0012402072862185945,1.0,1.0,0.0,0.002880069717413078,0.9884341637010676,0.9884475100334272,0.011565836298932375,0.003053484365581637,0.9848754448398577,0.9848970719401257,0.015124555160142328,0.3,0.5,1e-06,0.1,,,,,
optdigits,sasla,1001,60,60,84915,84915,2.310747708846984,1357,1415.25,0.4197064056939502,1,0.001125250775806474,1.0,1.0,0.0,0.0026297980241458923,0.9884341637010676,0.9884150142494883,0.011565836298932375,0.002600170652073101,0.9902135231316725,0.9902447185436059,0.009786476868327454,0.3,0.5,1e-06,0.1,,,,,
optdigits,sasla,1002,60,59,85226,86636,2.713201255004018,1395,1443.9333333333334,0.428212732305259,1,0.0011759405619871514,1.0,1.0,0.0,0.0029629807321681694,0.9866548042704626,0.9866611218451092,0.013345195729537407,0.0031905634085936697,0.9830960854092526,0.9831854258566871,0.01690391459074736,0.3,0.5,1e-06,0.1,,,,,
optdigits,sasla,1000,60,58,114160,118066,3.193494235487157,2008,1967.7666666666667,0.5835606959272439,1,0.0008323313577897028,1.0,1.0,0.0,0.0023923434508792913,0.9893238434163701,0.9893219765900578,0.010676156583629859,0.0026580453931166143,0.9857651245551602,0.9857850952247953,0.014234875444839812,0.3,0.5,1e-06,0.3,,,,,
optdigits,sasla,1001,60,59,112389,114217,2.8168696055253264,1835,1903.6166666666666,0.5645363780150257,1,0.0008157019488098912,1.0,1.0,0.0,0.00239881424731244,0.9893238434163701,0.9892844491124801,0.010676156583629859,0.002297726026770358,0.9902135231316725,0.9902447185436059,0.009786476868327454,0.3,0.5,1e-06,0.3,,,,,
optdigits,sasla,1002,60,58,111719,115627,3.207914789903671,1956,1927.1166666666666,0.5715055357848952,1,0.0008435962541350247,1.0,1.0,0.0,0.002595325529854718,0.9848754448398577,0.9848839318310901,0.015124555160142328,0.002706184900347082,0.9866548042704626,0.9866924582591932,0.013345195729537407,0.3,0.5,1e-06,0.3,,,,,
optdigits,sasla,1000,60,59,154154,156747,3.7261674941231617,2563,2612.45,0.7747479240806643,1,0.000665460300065746,1.0,1.0,0.0,0.0022884247944157743,0.9848754448398577,0.9848630693673235,0.015124555160142328,0.002479616538734428,0.9848754448398577,0.984877691248899,0.015124555160142328,0.3,0.5,1e-06,0.5,,,,,
optdigits,sasla,1001,60,52,133942,153968,3.5605219356319417,2513,2566.133333333333,0.7610122578094108,1,0.0006057457361008723,1.0,1.0,0.0,0.0023121965469806707,0.9866548042704626,0.986640637246498,0.013345195729537407,0.002156770980802673,0.9911032028469751,0.9911404224816851,0.008896797153024938,0.3,0.5,1e-06,0.5,,,,,
optdigits,sasla,1002,60,60,151615,151615,4.027785186427356,2467,2526.9166666666665,0.7493821668643732,1,0.0006160063641607927,1.0,1.0,0.0,0.0023433607111126467,0.9857651245551602,0.9857705459351953,0.014234875444839812,0.002481141308311816,0.9848754448398577,0.9849226560410831,0.015124555160142328,0.3,0.5,1e-06,0.5,,,,,
optdigits,sasla,1000,60,50,161849,193679,3.845078223077593,3202,3227.983333333333,0.9572904310003953,1,0.0006520835250601528,1.0,1.0,0.0,0.002297972319357358,0.9848754448398577,0.9848611753031321,0.015124555160142328,0.0025073121618364655,0.9830960854092526,0.9831700384472739,0.01690391459074736,0.3,0.5,1e-06,0.7,,,,,
optdigits,sasla,1001,60,58,185617,191889,4.084092557735387,3143,3198.15,0.9484430604982207,1,0.0005287592550660882,1.0,1.0,0.0,0.002178850987475997,0.9875444839857651,0.9875295256794239,0.01245551601423489,0.002159501738449118,0.9884341637010676,0.9884879572184182,0.011565836298932375,0.3,0.5,1e-06,0.7,,,,,
optdigits,sasla,1002,60,58,184723,190980,4.647388266668832,3113,3183.0,0.943950177935943,1,0.0005459692988578703,1.0,1.0,0.0,0.0022988660875804803,0.9857651245551602,0.9857766634480368,0.014234875444839812,0.002537331313473476,0.9830960854092526,0.9831522901924916,0.01690391459074736,0.3,0.5,1e-06,0.7,,,,,
optdigits,sasla,1000,60,57,192204,202320,3.881173902556607,3372,3372.0,1.0,1,0.0006373017534384095,1.0,1.0,0.0,0.0024285753364857976,0.9830960854092526,0.9830590547874408,0.01690391459074736,0.0024734789334987205,0.9857651245551602,0.9857390835009981,0.014234875444839812,0.3,0.5,1e-06,0.9,,,,,
optdigits,sasla,1001,60,60,202320,202320,4.021207459543665,3372,3372.0,1.0,1,0.0005264447211599017,1.0,1.0,0.0,0.002028319828746093,0.9902135231316725,0.9901845661809945,0.009786476868327454,0.0021169434397655816,0.9902135231316725,0.9902368541813494,0.009786476868327454,0.3,0.5,1e-06,0.9,,,,,
optdigits,sasla,1002,60,57,192204,202320,4.739302358467513,3372,3372.0,1.0,1,0.0005246557323787522,1.0,1.0,0.0,0.002264870603233904,0.9848754448398577,0.9848877750151109,0.015124555160142328,0.0024865021498461206,0.9839857651245552,0.9840461075174698,0.016014234875444844,0.3,0.5,1e-06,0.9,,,,,
diabetes,sasla,1000,200,39,8277,38234,1.2847572113175323,188,191.17,0.7213962264150943,1,0.019680192506236278,,,,0.021939887933396362,,,,0.025284269242504317,,,,0.01,0.9,1e-05,0.1,52.431933409094036,55.36029603218538,59.43009226379354,,
diabetes,sasla,1001,200,172,34623,40137,0.9535260873491647,187,200.685,0.7573018867924528,1,0.021680960985315124,,,,0.021252960086250123,,,,0.02067336189829742,,,,0.01,0.9,1e-05,0.1,57.05726770492278,56.491280636492874,55.71565756177721,,
diabetes,sasla,1002,200,99,21076,41566,0.7547719816219375,202,207.83,0.7842641509433963,1,0.01943478336339017,,,,0.02083350825770202,,,,0.014668829951579062,,,,0.01,0.9,1e-05,0.1,55.066433280837714,57.01357843450942,47.84040335527204,,
diabetes,sasla,1003,200,174,36701,41979,0.8399641017158725,203,209.895,0.792056603773585,1,0.019536346667136113,,,,0.01790988290253485,,,,0.016409829879070865,,,,0.01,0.9,1e-05,0.1,55.210130309028536,52.86198520551418,50.599839000554454,,
diabetes,sasla,1004,200,27,6245,40421,1.1585022835124998,195,202.105,0.7626603773584906,1,0.017552406556954045,,,,0.017870038828940737,,,,0.020334503077371037,,,,0.01,0.9,1e-05,0.1,53.1598051285447,53.638644403033986,57.21788853250175,,
diabetes,sasla,1000,200,33,8361,48105,1.2973377967538635,237,240.525,0.9076415094339623,1,0.018783348894017213,,,,0.02153118294146371,,,,0.02436834846982341,,,,0.01,0.9,1e-05,0.3,51.2233188852077,54.84223518064393,58.343737902391396,,
diabetes,sasla,1001,200,128,32286,50200,0.9713055910401232,234,251.0,0.9471698113207547,1,0.02207559634911986,,,,0.021397900677721796,,,,0.02144215015944505,,,,0.01,0.9,1e-05,0.3,57.57420224629716,56.68358248769359,56.7421612196713,,
diabetes,sasla,1002,200,195,49686,50940,0.7729505845907636,256,254.7,0.9611320754716981,1,0.019185770087925588,,,,0.02034093931804874,,,,0.01482965220528607,,,,0.01,0.9,1e-05,0.3,54.71251938970266,56.335557662088995,48.10193847788006,,
diabetes,sasla,1003,200,155,40178,51737,0.9548348766685745,246,258.685,0.9761698113207548,1,0.020248244563873242,,,,0.022087299123208257,,,,0.01933373010090104,,,,0.01,0.9,1e-05,0.3,56.207049007026896,58.704095646714194,54.92308475489231,,
diabetes,sasla,1004,200,21,5525,50259,1.1658214507958105,251,251.295,0.9482830188679244,1,0.017832724716437313,,,,0.017656520340879157,,,,0.020789773000559255,,,,0.01,0.9,1e-05,0.3,53.582614185748504,53.3172332665019,57.854869605853864,,
diabetes,sasla,1000,200,36,9540,52983,1.3242815782758397,265,264.915,0.999679245283019,1,0.019027822693499615,,,,0.022983726583229377,,,,0.02519819506770051,,,,0.01,0.9,1e-05,0.5,51.55558857651793,56.66193801104618,59.328848342936915,,
diabetes,sasla,1001,200,117,31005,53000,0.9079529468955679,265,265.0,1.0,1,0.019636105771355137,,,,0.019715932587213093,,,,0.017828660100654967,,,,0.01,0.9,1e-05,0.5,54.29994481792818,54.4102058675458,51.740552212350536,,
diabetes,sasla,1002,200,180,47700,53000,0.7693672956883939,265,265.0,1.0,1,0.01915276787441677,,,,0.020241716366156983,,,,0.014735513224487578,,,,0.01,0.9,1e-05,0.5,54.665442535534964,56.19798747312615,47.94901928976936,,
diabetes,sasla,1003,200,189,50085,53000,0.8112585729447481,265,265.0,1.0,1,0.019276734212546574,,,,0.017676608018868122,,,,0.015638415888305737,,,,0.01,0.9,1e-05,0.5,54.84206830082705,52.5165951499514,49.396192555427824,,
diabetes,sasla,1004,200,30,7950,53000,1.1464677895810171,265,265.0,1.0,1,0.01781572324274731,,,,0.01743330170700312,,,,0.020425152845899658,,,,0.01,0.9,1e-05,0.5,53.55706563236903,52.979135651324285,57.34528334999459,,
diabetes,sasla,1000,200,36,9540,53000,1.3022062187630694,265,265.0,1.0,1,0.01874020955609799,,,,0.021652397541452914,,,,0.024403617424873906,,,,0.01,0.9,1e-05,0.7,51.16446329186762,54.99639182203558,58.3859438537162,,
diabetes,sasla,1001,200,117,31005,53000,0.9079529468955679,265,265.0,1.0,1,0.019636105771355137,,,,0.019715932587213093,,,,0.017828660100654967,,,,0.01,0.9,1e-05,0.7,54.29994481792818,54.4102058675458,51.740552212350536,,
diabetes,sasla,1002,200,180,47700,53000,0.7693672956883939,265,265.0,1.0,1,0.01915276787441677,,,,0.020241716366156983,,,,0.014735513224487578,,,,0.01,0.9,1e-05,0.7,54.665442535534964,56.19798747312615,47.94901928976936,,
diabetes,sasla,1003,200,189,50085,53000,0.8112585729447481,265,265.0,1.0,1,0.019276734212546574,,,,0.017676608018868122,,,,0.015638415888305737,,,,0.01,0.9,1e-05,0.7,54.84206830082705,52.5165951499514,49.396192555427824,,
diabetes,sasla,1004,200,30,7950,53000,1.1464677895810171,265,265.0,1.0,1,0.01781572324274731,,,,0.01743330170700312,,,,0.020425152845899658,,,,0.01,0.9,1e-05,0.7,53.55706563236903,52.979135651324285,57.34528334999459,,
diabetes,sasla,1000,200,36,9540,53000,1.3022062187630694,265,265.0,1.0,1,0.01874020955609799,,,,0.021652397541452914,,,,0.024403617424873906,,,,0.01,0.9,1e-05,0.9,51.16446329186762,54.99639182203558,58.3859438537162,,
diabetes,sasla,1001,200,117,31005,53000,0.9079529468955679,265,265.0,1.0,1,0.019636105771355137,,,,0.019715932587213093,,,,0.017828660100654967,,,,0.01,0.9,1e-05,0.9,54.29994481792818,54.4102058675458,51.740552212350536,,
diabetes,sasla,1002,200,180,47700,53000,0.7693672956883939,265,265.0,1.0,1,0.01915276787441677,,,,0.020241716366156983,,,,0.014735513224487578,,,,0.01,0.9,1e-05,0.9,54.665442535534964,56.19798747312615,47.94901928976936,,
diabetes,sasla,1003,200,189,50085,53000,0.8112585729447481,265,265.0,1.0,1,0.019276734212546574,,,,0.017676608018868122,,,,0.015638415888305737,,,,0.01,0.9,1e-05,0.9,54.84206830082705,52.5165951499514,49.396192555427824,,
diabetes,sasla,1004,200,30,7950,53000,1.1464677895810171,265,265.0,1.0,1,0.01781572324274731,,,,0.01743330170700312,,,,0.020425152845899658,,,,0.01,0.9,1e-05,0.9,53.55706563236903,52.979135651324285,57.34528334999459,,
concrete,sasla,1000,200,57,20373,67688,1.042040641340564,357,338.44,0.5476375404530744,1,0.006410744660473813,,,,0.00840010603688144,,,,0.006680256477470729,,,,0.3,0.9,1e-06,0.1,8.03347673168947,9.195845893408034,8.200604532063945,,
concrete,sasla,1001,200,178,58861,65608,0.9884361643296691,310,328.04,0.5308090614886731,1,0.004777291570411075,,,,0.004081185066715501,,,,0.004722047755741584,,,,0.3,0.9,1e-06,0.1,6.934899545937712,6.409769981958383,6.89468593261548,,
concrete,sasla,1002,200,109,36325,64030,1.2674859043822664,296,320.15,0.518042071197411,1,0.006130381129221834,,,,0.006651218215516338,,,,0.0077701716697797145,,,,0.3,0.9,1e-06,0.1,7.855847393353713,8.182761605724352,8.844323255769268,,
concrete,sasla,1003,200,108,36534,64770,0.7932805948833275,297,323.85,0.5240291262135923,1,0.010917097227803069,,,,0.011877532684672707,,,,0.008660321383270744,,,,0.3,0.9,1e-06,0.1,10.191746382106137,10.630608780732526,9.077411495545775,,
concrete,sasla,1004,200,190,74689,78443,1.3241812879926245,367,392.215,0.6346521035598706,1,0.006365572561898433,,,,0.0066378099780260175,,,,0.008429172073825177,,,,0.3,0.9,1e-06,0.1,7.92054636681847,8.08814282998086,9.11441636089302,,
concrete,sasla,1000,200,172,81989,94735,1.3848795525231374,460,473.675,0.7664644012944984,1,0.004716671511395954,,,,0.0066394816468536965,,,,0.006532021932100659,,,,0.3,0.9,1e-06,0.3,6.890759873953106,8.175538872678468,8.10910861723524,,
concrete,sasla,1001,200,196,88205,89896,1.2233493602537138,426,449.48,0.7273139158576052,1,0.004420712941369986,,,,0.0049639091767504345,,,,0.005408076348690285,,,,0.3,0.9,1e-06,0.3,6.671069388393868,7.069052610243679,7.378544613635367,,
concrete,sasla,1002,200,184,85388,92513,1.0674775629240019,435,462.565,0.7484870550161812,1,0.00817496080459357,,,,0.007993278899615696,,,,0.008726587236686782,,,,0.3,0.9,1e-06,0.3,9.07177228007179,8.970399475219752,9.37284678348109,,
concrete,sasla,1003,200,189,86201,90870,1.059087301164112,433,454.35,0.7351941747572815,1,0.005464697285797223,,,,0.007157507605326824,,,,0.005787591500093829,,,,0.3,0.9,1e-06,0.3,7.2107107309336556,8.252317484464506,7.420684268845094,,
concrete,sasla,1004,200,194,92096,94808,1.3488552638075606,456,474.04,0.7670550161812298,1,0.003570427637969226,,,,0.0038633817409652886,,,,0.004815990113518786,,,,0.3,0.9,1e-06,0.3,5.9319368904542475,6.170497995859356,6.889365049356068,,
concrete,sasla,1000,200,189,105421,111513,1.357658815304042,545,557.565,0.9022087378640777,1,0.0029174109252299634,,,,0.004081730233399402,,,,0.003960848660502781,,,,0.3,0.9,1e-06,0.5,5.4193612660311254,6.410198077756616,6.314564807982185,,
concrete,sasla,1001,200,198,104611,105649,1.2947107781430067,517,528.245,0.8547653721682847,1,0.003096325033127995,,,,0.003483147833049563,,,,0.004008845393024818,,,,0.3,0.9,1e-06,0.5,5.583063564851682,5.921548001661378,6.352708885792046,,
concrete,sasla,1002,200,163,91867,112884,1.594210791277313,575,564.42,0.9133009708737864,1,0.003380123300785641,,,,0.004515554356402555,,,,0.0053886290419603595,,,,0.3,0.9,1e-06,0.5,5.833316918756571,6.742249779066464,7.365266135053741,,
concrete,sasla,1003,200,180,99897,110830,1.0525801612316315,546,554.15,0.89668284789644,1,0.0038115821677026027,,,,0.0053982195593279296,,,,0.004011995772628017,,,,0.3,0.9,1e-06,0.5,6.022095827617592,7.166717588503285,6.178389050429955,,
concrete,sasla,1004,200,181,103132,113940,1.1298559173538776,582,569.7,0.9218446601941749,1,0.004272007441414071,,,,0.00411049687414098,,,,0.0048267528866614865,,,,0.3,0.9,1e-06,0.5,6.4886209493059175,6.364782469487286,6.897058928573511,,
concrete,sasla,1000,200,197,120958,122792,1.4305147731443353,611,613.96,0.9934627831715211,1,0.0037958304764136625,,,,0.004683669964037572,,,,0.005429991572861245,,,,0.3,0.9,1e-06,0.7,6.181625697907118,6.866610968007658,7.393479588905619,,
concrete,sasla,1001,200,178,109189,122616,1.2842882690554627,612,613.08,0.9920388349514564,1,0.003610748158609048,,,,0.003980055420704752,,,,0.004637241502615214,,,,0.3,0.9,1e-06,0.7,6.029036313734342,6.329856437213389,6.8324924035344266,,
concrete,sasla,1002,200,169,103780,122767,1.751987444860911,614,613.835,0.9932605177993528,1,0.0030578003250177135,,,,0.003960384368330197,,,,0.005357227778322647,,,,0.3,0.9,1e-06,0.7,5.548222403911719,6.314194699302616,7.343774900378102,,
concrete,sasla,1003,200,200,120222,120222,1.4670778586397366,615,601.11,0.9726699029126213,1,0.0026161501337071966,,,,0.004677081585367104,,,,0.0038380959360392146,,,,0.3,0.9,1e-06,0.7,4.9891475778226875,6.670870219450004,6.043004697027567,,
concrete,sasla,1004,200,200,123456,123456,1.1914609131656166,618,617.28,0.9988349514563106,1,0.0028741392597154284,,,,0.0028242482971941717,,,,0.0034244245869456936,,,,0.3,0.9,1e-06,0.7,5.322189179174589,5.275794149278641,5.809385647274044,,
concrete,sasla,1000,200,186,114948,123600,1.499705347727337,618,618.0,1.0,1,0.002374829520190339,,,,0.0030089328731497875,,,,0.0035615445313701972,,,,0.3,0.9,1e-06,0.9,4.889512039688147,5.503710100270662,5.98781659963451,,
concrete,sasla,1001,200,200,123600,123600,1.3079483555786129,618,618.0,1.0,1,0.0027514619773284753,,,,0.003219041423955084,,,,0.003598770168683858,,,,0.3,0.9,1e-06,0.9,5.26297198538461,5.692625097503438,6.0190278995242075,,
concrete,sasla,1002,200,192,118656,123600,1.7410935293570184,618,618.0,1.0,1,0.0029942060098425262,,,,0.004024143714236951,,,,0.00521319270929872,,,,0.3,0.9,1e-06,0.9,5.490224953125887,6.364818761504781,7.244379452219616,,
concrete,sasla,1003,200,181,111858,123600,1.4379645014795168,618,618.0,1.0,1,0.0030294657637626207,,,,0.005253575749057112,,,,0.004356264226738181,,,,0.3,0.9,1e-06,0.9,5.368810104949712,7.070050535348477,6.438017096930186,,
concrete,sasla,1004,200,199,122982,123600,1.099137785118256,618,618.0,1.0,1,0.0031044165470552223,,,,0.0031173133690512752,,,,0.003412181527614741,,,,0.3,0.9,1e-06,0.9,5.531289621155302,5.542767159912401,5.798991442824124,,
auto_mpg,sasla,1000,200,12,2294,35677,1.1957232919875596,173,178.385,0.7463807531380753,1,0.005263218390229803,,,,0.008461137757691665,,,,0.006293352820015044,,,,0.05,0.9,1e-06,0.1,3.1377028141738084,3.978327160613128,3.4310508280101875,200,47800
auto_mpg,sasla,1001,200,182,32814,36057,0.7034577841024522,177,180.285,0.7543305439330544,1,0.005463845471468691,,,,0.004291385307553609,,,,0.003843584628037583,,,,0.05,0.9,1e-06,0.1,3.3817406852279404,2.997021464769885,2.836346743704287,200,47800
auto_mpg,sasla,1002,200,35,6276,35219,0.9315486474470727,166,176.095,0.7367991631799163,1,0.007437149312923771,,,,0.006360490616298652,,,,0.006928066383316065,,,,0.05,0.9,1e-06,0.1,3.9454300568862593,3.6486852961822556,3.80800156833338,200,47800
auto_mpg,sasla,1003,200,198,35310,35667,1.2425760577817444,178,178.335,0.7461715481171548,1,0.0059179912071983445,,,,0.006578260954445606,,,,0.0073535541842275455,,,,0.05,0.9,1e-06,0.1,3.279076507675767,3.457163672280468,3.6552159522732097,200,47800
auto_mpg,sasla,1004,200,195,33613,34467,1.0360909967973493,171,172.335,0.7210669456066946,1,0.00484504963137968,,,,0.004778306152550637,,,,0.005019912302108802,,,,0.05,0.9,1e-06,0.1,3.1844923762005823,3.1624821614394945,3.2414487799181098,200,47800
auto_mpg,sasla,1000,200,190,37486,39392,1.3973912312652923,189,196.96,0.8241004184100419,1,0.003807939113357063,,,,0.005622198943264408,,,,0.0053211807261972915,,,,0.05,0.9,1e-06,0.3,2.668892674449269,3.2429422614055317,3.1549328237139096,200,47800
auto_mpg,sasla,1001,200,180,35810,39713,0.6374699958891625,192,198.565,0.83081589958159,1,0.0053076401801801735,,,,0.003824920243023119,,,,0.003383461363840609,,,,0.05,0.9,1e-06,0.3,3.333050048323362,2.829451735966277,2.6611644257455485,200,47800
auto_mpg,sasla,1002,200,131,25573,38951,1.0964235596881302,194,194.755,0.8148744769874476,1,0.004357544825479891,,,,0.004120870070070231,,,,0.004777714809053254,,,,0.05,0.9,1e-06,0.3,3.0200353750049027,2.9368756546773263,3.1622864674984816,200,47800
auto_mpg,sasla,1003,200,195,39495,40502,1.375205732351741,203,202.51,0.8473221757322176,1,0.004734695110364867,,,,0.005770394011619195,,,,0.006511179856711524,,,,0.05,0.9,1e-06,0.3,2.9329887756783632,3.237927544320141,3.4394914797609273,200,47800
auto_mpg,sasla,1004,200,194,37355,38489,1.1956456462254075,188,192.445,0.8052092050209205,1,0.0046638925261359805,,,,0.00425764316370564,,,,0.0055763627933377025,,,,0.05,0.9,1e-06,0.3,3.1243909087189286,2.985215778521485,3.41638344585768,200,47800
auto_mpg,sasla,1000,200,186,40129,43086,1.4191490852727695,213,215.43,0.9013807531380753,1,0.003517354383789202,,,,0.004533104631743468,,,,0.004991650256334612,,,,0.05,0.9,1e-06,0.5,2.5650401964738663,2.9119504687950375,3.0556822123079015,200,47800
auto_mpg,sasla,1001,200,196,42650,43485,0.5972449854540082,208,217.425,0.9097280334728034,1,0.003931825047333765,,,,0.002503109436607375,,,,0.0023482627932025595,,,,0.05,0.9,1e-06,0.5,2.868720196034292,2.288922125184478,2.2169936383755213,200,47800
auto_mpg,sasla,1002,200,152,33574,43802,1.0469806185569384,210,219.01,0.9163598326359832,1,0.0036085820304579217,,,,0.0038136749074612697,,,,0.0037781154463622873,,,,0.05,0.9,1e-06,0.5,2.7482699514649815,2.8252893543844593,2.8120867272279613,200,47800
auto_mpg,sasla,1003,200,198,44479,44922,1.3670207269748378,222,224.61,0.9397907949790796,1,0.0038273754572921556,,,,0.004935139231450309,,,,0.0052321015800331746,,,,0.05,0.9,1e-06,0.5,2.637029121323692,2.994429528756984,3.0832055250680193,200,47800
auto_mpg,sasla,1004,200,183,40442,44170,1.457173462811409,218,220.85,0.9240585774058577,1,0.003482594942187026,,,,0.003297251951655952,,,,0.005074744931476168,,,,0.05,0.9,1e-06,0.5,2.699868307192285,2.627042902783068,3.259103912602026,200,47800
auto_mpg,sasla,1000,200,99,23213,46859,1.4726602646881137,235,234.295,0.9803138075313808,1,0.0036673277357293288,,,,0.004372727254600982,,,,0.005400727833997214,,,,0.05,0.9,1e-06,0.7,2.619153630023484,2.859975458843056,3.178427120287866,200,47800
auto_mpg,sasla,1001,200,193,45973,47645,0.6212372412306375,239,238.225,0.9967573221757322,1,0.0038790408913675707,,,,0.002492389966492914,,,,0.0024098046619740227,,,,0.05,0.9,1e-06,0.7,2.849399063958581,2.2840157561283534,2.245856578302141,200,47800
auto_mpg,sasla,1002,200,166,39653,47753,1.089323656489196,238,238.765,0.9990167364016735,1,0.0035279849267273074,,,,0.004263664941266969,,,,0.0038431174404213583,,,,0.05,0.9,1e-06,0.7,2.71740555506501,2.9873260955460816,2.8361743595276243,200,47800
auto_mpg,sasla,1003,200,185,44215,47800,1.3839229510006477,239,239.0,1.0,1,0.0037093878802215226,,,,0.005053836000546707,,,,0.005133507021602207,,,,0.05,0.9,1e-06,0.7,2.5960647264779646,3.0302256103598633,3.0540171546539687,200,47800
auto_mpg,sasla,1004,200,185,44214,47799,1.4852935835600067,239,238.995,0.999979079497908,1,0.0033587318003918463,,,,0.0034709915988046336,,,,0.004988702792020959,,,,0.05,0.9,1e-06,0.7,2.651421426133096,2.6953668309291454,3.2313567951596385,200,47800
auto_mpg,sasla,1000,200,100,23900,47800,1.418430105838731,239,239.0,1.0,1,0.0034823685972510164,,,,0.0049380477141269434,,,,0.004939496457968233,,,,0.05,0.9,1e-06,0.9,2.5522515763919817,3.039231297097439,3.0396770952122862,200,47800
auto_mpg,sasla,1001,200,196,46844,47800,0.6174722799963889,239,239.0,1.0,1,0.0039676048982551565,,,,0.002655873430537778,,,,0.002449886042650452,,,,0.05,0.9,1e-06,0.9,2.881743400678517,2.3577338870629525,2.264456801342225,200,47800
auto_mpg,sasla,1002,200,128,30592,47800,1.0089508916342533,239,239.0,1.0,1,0.0038794157522031724,,,,0.004220656053900629,,,,0.003914139982205358,,,,0.05,0.9,1e-06,0.9,2.8495367400413967,2.9722208719772807,2.8622612767713402,200,47800
auto_mpg,sasla,1003,200,185,44215,47800,1.3839229510006477,239,239.0,1.0,1,0.0037093878802215226,,,,0.005053836000546707,,,,0.005133507021602207,,,,0.05,0.9,1e-06,0.9,2.5960647264779646,3.0302256103598633,3.0540171546539687,200,47800
auto_mpg,sasla,1004,200,185,44215,47800,1.4848715663265306,239,239.0,1.0,1,0.003359855803591863,,,,0.0034712994054771,,,,0.004988954349710734,,,,0.05,0.9,1e-06,0.9,2.6518650395345333,2.6954863405100777,3.2314382654773746,200,47800
