problem,strategy,seed,epochs_run,best_epoch,presentations,presentations_total,rho,subset_final,subset_mean,subset_frac_mean,converged,train_mse,train_accuracy,train_macro_f1,train_error_rate,val_mse,val_accuracy,val_macro_f1,val_error_rate,gen_mse,gen_accuracy,gen_macro_f1,gen_error_rate,eta,alpha,lam,train_rmse,val_rmse,gen_rmse,operator_calls,operator_evals
iris,passive,1000,200,72,6480,18000,0.6483434370479478,90,90.0,1.0,1,0.006882697109939864,0.9888888888888889,0.9888858016115588,0.011111111111111072,0.04070761745580649,0.8666666666666667,0.861111111111111,0.1333333333333333,0.004462351500418389,1.0,1.0,0.0,0.1,0.9,0.0,,,,,
iris,passive,1001,200,46,4140,18000,0.5929308767987761,90,90.0,1.0,1,0.008147809899219384,0.9888888888888889,0.9888858016115588,0.011111111111111072,0.014513552731129501,0.9666666666666667,0.9665831244778613,0.033333333333333326,0.004831088067533896,1.0,1.0,0.0,0.1,0.9,0.0,,,,,
iris,passive,1002,200,28,2520,18000,4.158214043680049,90,90.0,1.0,1,0.006799337030238172,0.9777777777777777,0.9777530589543938,0.022222222222222254,0.019240368308838397,0.9666666666666667,0.9665831244778613,0.033333333333333326,0.028273098726850163,0.9333333333333333,0.9326599326599326,0.06666666666666665,0.1,0.9,0.0,,,,,
iris,passive,1003,200,192,17280,18000,2.908602243110648,90,90.0,1.0,1,0.006219549992947386,0.9888888888888889,0.9888858016115588,0.011111111111111072,0.017842523906270048,0.9333333333333333,0.9326599326599326,0.06666666666666665,0.018090197060625587,0.9333333333333333,0.9326599326599326,0.06666666666666665,0.1,0.9,0.0,,,,,
iris,passive,1004,200,163,14670,18000,2.1514099778632,90,90.0,1.0,1,0.008949170384680101,0.9777777777777777,0.9777777777777779,0.022222222222222254,0.009089488125572585,0.9666666666666667,0.9665831244778613,0.033333333333333326,0.01925333445919862,0.9333333333333333,0.9333333333333332,0.06666666666666665,0.1,0.9,0.0,,,,,
iris,passive,1000,200,72,6480,18000,0.6453838643399481,90,90.0,1.0,1,0.00690113900327076,0.9888888888888889,0.9888858016115588,0.011111111111111072,0.040146138204429783,0.8666666666666667,0.861111111111111,0.1333333333333333,0.004453883758278022,1.0,1.0,0.0,0.1,0.9,1e-06,,,,,
iris,passive,1001,200,46,4140,18000,0.5920661857390934,90,90.0,1.0,1,0.008156466012037714,0.9888888888888889,0.9888858016115588,0.011111111111111072,0.014484532078450402,0.9666666666666667,0.9665831244778613,0.033333333333333326,0.004829167720857723,1.0,1.0,0.0,0.1,0.9,1e-06,,,,,
iris,passive,1002,200,28,2520,18000,4.109459611248261,90,90.0,1.0,1,0.006841727926595481,0.9777777777777777,0.9777530589543938,0.022222222222222254,0.01919505250304786,0.9666666666666667,0.9665831244778613,0.033333333333333326,0.028115804585493436,0.9333333333333333,0.9326599326599326,0.06666666666666665,0.1,0.9,1e-06,,,,,
iris,passive,1003,200,192,17280,18000,2.9134833974526555,90,90.0,1.0,1,0.006237211289524934,0.9888888888888889,0.9888858016115588,0.011111111111111072,0.017863106989294296,0.9333333333333333,0.9326599326599326,0.06666666666666665,0.018172011538435163,0.9333333333333333,0.9326599326599326,0.06666666666666665,0.1,0.9,1e-06,,,,,
iris,passive,1004,200,163,14670,18000,2.13597743892024,90,90.0,1.0,1,0.008952988919864237,0.9777777777777777,0.9777777777777779,0.022222222222222254,0.00906761515824986,0.9666666666666667,0.9665831244778613,0.033333333333333326,0.019123382343732898,0.9333333333333333,0.9333333333333332,0.06666666666666665,0.1,0.9,1e-06,,,,,
iris,passive,1000,200,72,6480,18000,0.6240127057574503,90,90.0,1.0,1,0.007059617633103331,0.9888888888888889,0.9888858016115588,0.011111111111111072,0.036156544188632976,0.8666666666666667,0.861111111111111,0.1333333333333333,0.0044052911008458165,1.0,1.0,0.0,0.1,0.9,1e-05,,,,,
iris,passive,1001,200,46,4140,18000,0.58787999024851,90,90.0,1.0,1,0.008242821905759616,0.9777777777777777,0.9777530589543938,0.022222222222222254,0.014263002126736602,0.9666666666666667,0.9665831244778613,0.033333333333333326,0.004845790061578168,1.0,1.0,0.0,0.1,0.9,1e-05,,,,,
iris,passive,1002,200,28,2520,18000,3.733964529904194,90,90.0,1.0,1,0.007189009003823085,0.9777777777777777,0.9777530589543938,0.022222222222222254,0.018877690377948297,0.9666666666666667,0.9665831244778613,0.033333333333333326,0.026843504625437286,0.9333333333333333,0.9326599326599326,0.06666666666666665,0.1,0.9,1e-05,,,,,
iris,passive,1003,200,192,17280,18000,2.9514585638624498,90,90.0,1.0,1,0.0064009923949960084,0.9888888888888889,0.9888858016115588,0.011111111111111072,0.018045149942872287,0.9333333333333333,0.9326599326599326,0.06666666666666665,0.01889226382142938,0.9333333333333333,0.9326599326599326,0.06666666666666665,0.1,0.9,1e-05,,,,,
iris,passive,1004,200,163,14670,18000,2.01707940000667,90,90.0,1.0,1,0.008985056881882947,0.9777777777777777,0.9777777777777779,0.022222222222222254,0.008866983222844719,0.9666666666666667,0.9665831244778613,0.033333333333333326,0.018123573144334253,0.9333333333333333,0.9333333333333332,0.06666666666666665,0.1,0.9,1e-05,,,,,
iris,passive,1000,200,164,14760,18000,0.6031783141197645,90,90.0,1.0,1,0.006784255077277983,0.9888888888888889,0.9888858016115588,0.011111111111111072,0.027467068761402893,0.8666666666666667,0.861111111111111,0.1333333333333333,0.0040921155400709865,1.0,1.0,0.0,0.1,0.9,0.0001,,,,,
iris,passive,1001,200,46,4140,18000,0.584079864008781,90,90.0,1.0,1,0.009442243347306787,0.9666666666666667,0.9665831244778613,0.033333333333333326,0.013858735697440637,0.9666666666666667,0.9665831244778613,0.033333333333333326,0.0055150242102327655,1.0,1.0,0.0,0.1,0.9,0.0001,,,,,
iris,passive,1002,200,28,2520,18000,2.3587261626734066,90,90.0,1.0,1,0.008672742324851886,0.9777777777777777,0.9777530589543938,0.022222222222222254,0.017665960709038985,0.9666666666666667,0.9665831244778613,0.033333333333333326,0.020456624223753127,0.9333333333333333,0.9326599326599326,0.06666666666666665,0.1,0.9,0.0001,,,,,
iris,passive,1003,200,194,17460,18000,3.038117375410729,90,90.0,1.0,1,0.007523174398196622,0.9888888888888889,0.9888858016115588,0.011111111111111072,0.01841334155657793,0.9333333333333333,0.9326599326599326,0.06666666666666665,0.022856286857406313,0.9333333333333333,0.9326599326599326,0.06666666666666665,0.1,0.9,0.0001,,,,,
iris,passive,1004,200,153,13770,18000,1.5092922219776523,90,90.0,1.0,1,0.009653002086893904,0.9777777777777777,0.9777777777777779,0.022222222222222254,0.007053693334069567,1.0,1.0,0.0,0.014569200968483015,0.9333333333333333,0.9333333333333332,0.06666666666666665,0.1,0.9,0.0001,,,,,
iris,passive,1000,200,164,14760,18000,0.9570126402131129,90,90.0,1.0,1,0.009255962852647652,0.9888888888888889,0.9888858016115588,0.011111111111111072,0.0307017640512703,0.8666666666666667,0.861111111111111,0.1333333333333333,0.008858073447326826,0.9666666666666667,0.9665831244778613,0.033333333333333326,0.1,0.9,0.0003,,,,,
iris,passive,1001,200,194,17460,18000,0.46868535010830614,90,90.0,1.0,1,0.011286009941667565,0.9666666666666667,0.9665831244778613,0.033333333333333326,0.014073916339677575,0.9666666666666667,0.9665831244778613,0.033333333333333326,0.0052895875208362865,1.0,1.0,0.0,0.1,0.9,0.0003,,,,,
iris,passive,1002,200,187,16830,18000,1.638815647271178,90,90.0,1.0,1,0.0101584659511617,0.9777777777777777,0.9777530589543938,0.022222222222222254,0.017121969306316657,0.9666666666666667,0.9665831244778613,0.033333333333333326,0.016647852953035284,0.9333333333333333,0.9326599326599326,0.06666666666666665,0.1,0.9,0.0003,,,,,
iris,passive,1003,200,192,17280,18000,2.4269386768420107,90,90.0,1.0,1,0.012242603956627017,0.9888888888888889,0.9888858016115588,0.011111111111111072,0.022852835708574323,0.9333333333333333,0.9326599326599326,0.06666666666666665,0.029712049047597135,0.9333333333333333,0.9326599326599326,0.06666666666666665,0.1,0.9,0.0003,,,,,
iris,passive,1004,200,153,13770,18000,1.2039713944046877,90,90.0,1.0,1,0.014412621994976713,0.9555555555555556,0.9553571428571429,0.0444444444444444,0.009059031141105388,1.0,1.0,0.0,0.017352384600319785,0.9666666666666667,0.9665831244778613,0.033333333333333326,0.1,0.9,0.0003,,,,,
iris,passive,1000,200,128,11520,18000,1.1356549150079942,90,90.0,1.0,1,0.02089062749288882,0.9666666666666667,0.9665831244778613,0.033333333333333326,0.037939537366813054,0.8666666666666667,0.861111111111111,0.1333333333333333,0.023724543789900316,0.9333333333333333,0.9326599326599326,0.06666666666666665,0.1,0.9,0.001,,,,,
iris,passive,1001,200,106,9540,18000,0.5727051093381623,90,90.0,1.0,1,0.021499517333426418,0.9666666666666667,0.9666574048346764,0.033333333333333326,0.022374051235320342,0.9666666666666667,0.9665831244778613,0.033333333333333326,0.012312883425157692,1.0,1.0,0.0,0.1,0.9,0.001,,,,,
iris,passive,1002,200,161,14490,18000,1.161575306015516,90,90.0,1.0,1,0.021598772884255338,0.9777777777777777,0.9777530589543938,0.022222222222222254,0.0273372980391807,0.9333333333333333,0.9326599326599326,0.06666666666666665,0.025088601222588523,0.9666666666666667,0.9665831244778613,0.033333333333333326,0.1,0.9,0.001,,,,,
iris,passive,1003,200,145,13050,18000,1.3568716043460307,90,90.0,1.0,1,0.045363037586416605,0.8333333333333334,0.8222222222222223,0.16666666666666663,0.056557641294073695,0.8,0.7802197802197802,0.19999999999999996,0.06155181758789039,0.7666666666666667,0.7340930674264007,0.23333333333333328,0.1,0.9,0.001,,,,,
iris,passive,1004,200,195,17550,18000,1.0870064817072491,90,90.0,1.0,1,0.037024351756453765,0.8888888888888888,0.8857142857142857,0.11111111111111116,0.03262736372223837,0.9333333333333333,0.9326599326599326,0.06666666666666665,0.04024571034027442,0.8666666666666667,0.861111111111111,0.1333333333333333,0.1,0.9,0.001,,,,,
iris,passive,1000,200,196,17640,18000,1.0571419538844222,90,90.0,1.0,1,0.05896700201569426,0.9222222222222223,0.9211489721205295,0.07777777777777772,0.06168844185463923,0.8666666666666667,0.861111111111111,0.1333333333333333,0.062336491725577696,0.9,0.8976982097186701,0.09999999999999998,0.1,0.9,0.003,,,,,
iris,passive,1001,200,200,18000,18000,0.9412126427547326,90,90.0,1.0,1,0.060320556194372994,0.8777777777777778,0.8749644785450412,0.12222222222222223,0.06001477468452197,0.9333333333333333,0.9333333333333332,0.06666666666666665,0.05677447010814116,0.9333333333333333,0.9326599326599326,0.06666666666666665,0.1,0.9,0.003,,,,,
iris,passive,1002,200,113,10170,18000,1.0100631677254988,90,90.0,1.0,1,0.062703403825482,0.7,0.6140699160277473,0.30000000000000004,0.06490757322016251,0.6666666666666666,0.5473453749315819,0.33333333333333337,0.06333439869513749,0.6666666666666666,0.5555555555555555,0.33333333333333337,0.1,0.9,0.003,,,,,
iris,passive,1003,200,197,17730,18000,1.0381242556061727,90,90.0,1.0,1,0.1048093881321303,0.6666666666666666,0.5555555555555555,0.33333333333333337,0.11214077868160678,0.6666666666666666,0.5555555555555555,0.33333333333333337,0.10880516803520619,0.6666666666666666,0.5555555555555555,0.33333333333333337,0.1,0.9,0.003,,,,,
iris,passive,1004,200,142,12780,18000,1.0121421018942454,90,90.0,1.0,1,0.09289610240008894,0.6666666666666666,0.5525879535826119,0.33333333333333337,0.09133091474859574,0.6666666666666666,0.5555555555555555,0.33333333333333337,0.09402405634100908,0.6666666666666666,0.5411255411255411,0.33333333333333337,0.1,0.9,0.003,,,,,
iris,passive,1000,200,41,3690,18000,1.014468411130748,90,90.0,1.0,1,0.08562017868418631,0.7,0.6238244514106583,0.30000000000000004,0.08622584126213796,0.7333333333333333,0.6825396825396827,0.2666666666666667,0.08685896663047722,0.7,0.6238244514106583,0.30000000000000004,0.1,0.9,0.01,,,,,
iris,passive,1001,200,68,6120,18000,1.0032113953365573,90,90.0,1.0,1,0.0895436691182439,0.7222222222222222,0.6598232167752984,0.2777777777777778,0.09125531283432502,0.7666666666666667,0.7277167277167278,0.23333333333333328,0.08983122923966845,0.7333333333333333,0.6705516705516706,0.2666666666666667,0.1,0.9,0.01,,,,,
iris,passive,1002,200,72,6480,18000,1.003717800270547,90,90.0,1.0,1,0.09417735569181708,0.6666666666666666,0.5525879535826119,0.33333333333333337,0.09317814764759204,0.6666666666666666,0.5473453749315819,0.33333333333333337,0.09452748829028751,0.6666666666666666,0.5555555555555555,0.33333333333333337,0.1,0.9,0.01,,,,,
iris,passive,1003,200,21,1890,18000,1.0146585400578103,90,90.0,1.0,1,0.14756774420213578,0.6666666666666666,0.5555555555555555,0.33333333333333337,0.149744892948625,0.6666666666666666,0.5555555555555555,0.33333333333333337,0.1497308718917635,0.6666666666666666,0.5555555555555555,0.33333333333333337,0.1,0.9,0.01,,,,,
iris,passive,1004,200,170,15300,18000,1.0067415213482855,90,90.0,1.0,1,0.13827641912820288,0.6666666666666666,0.5555555555555555,0.33333333333333337,0.13861196361845565,0.6666666666666666,0.5555555555555555,0.33333333333333337,0.13920861255972014,0.6666666666666666,0.5555555555555555,0.33333333333333337,0.1,0.9,0.01,,,,,
iris,passive,1000,200,128,11520,18000,1.000118691444487,90,90.0,1.0,1,0.17641141968758056,0.3333333333333333,0.16666666666666666,0.6666666666666667,0.17643670215622606,0.3333333333333333,0.16666666666666666,0.6666666666666667,0.1764323582138073,0.3333333333333333,0.16666666666666666,0.6666666666666667,0.1,0.9,0.03,,,,,
iris,passive,1001,200,18,1620,18000,1.000018143513772,90,90.0,1.0,1,0.14787588946883917,0.3333333333333333,0.16666666666666666,0.6666666666666667,0.14787090444725517,0.3333333333333333,0.16666666666666666,0.6666666666666667,0.14787857245707628,0.3333333333333333,0.16666666666666666,0.6666666666666667,0.1,0.9,0.03,,,,,
iris,passive,1002,200,85,7650,18000,1.0001057748736235,90,90.0,1.0,1,0.1526071071363718,0.3333333333333333,0.16666666666666666,0.6666666666666667,0.15261190385281434,0.3333333333333333,0.16666666666666666,0.6666666666666667,0.1526232491338432,0.3333333333333333,0.16666666666666666,0.6666666666666667,0.1,0.9,0.03,,,,,
iris,passive,1003,200,186,16740,18000,0.9999819149001627,90,90.0,1.0,1,0.2005937698268705,0.3333333333333333,0.16666666666666666,0.6666666666666667,0.20059778849765672,0.3333333333333333,0.16666666666666666,0.6666666666666667,0.20059014206851644,0.3333333333333333,0.16666666666666666,0.6666666666666667,0.1,0.9,0.03,,,,,
iris,passive,1004,200,30,2700,18000,0.9999360449245388,90,90.0,1.0,1,0.19872637544519353,0.3333333333333333,0.16666666666666666,0.6666666666666667,0.1987388221184969,0.3333333333333333,0.16666666666666666,0.6666666666666667,0.1987136658848558,0.3333333333333333,0.16666666666666666,0.6666666666666667,0.1,0.9,0.03,,,,,
iris,passive,1000,200,41,3690,18000,1.0000114014281756,90,90.0,1.0,1,0.17432130906758936,0.3333333333333333,0.16666666666666666,0.6666666666666667,0.17432411450226182,0.3333333333333333,0.16666666666666666,0.6666666666666667,0.17432329657947418,0.3333333333333333,0.16666666666666666,0.6666666666666667,0.1,0.9,0.1,,,,,
iris,passive,1001,200,178,16020,18000,0.9999945602529656,90,90.0,1.0,1,0.16146407184325853,0.3333333333333333,0.16666666666666666,0.6666666666666667,0.1614546785415579,0.3333333333333333,0.16666666666666666,0.6666666666666667,0.16146319351955254,0.3333333333333333,0.16666666666666666,0.6666666666666667,0.1,0.9,0.1,,,,,
iris,passive,1002,200,109,9810,18000,0.9999834613662333,90,90.0,1.0,1,0.15227704696617786,0.3333333333333333,0.16666666666666666,0.6666666666666667,0.15228075128510915,0.3333333333333333,0.16666666666666666,0.6666666666666667,0.15227452851186699,0.3333333333333333,0.16666666666666666,0.6666666666666667,0.1,0.9,0.1,,,,,
iris,passive,1003,200,17,1530,18000,1.0000528714270136,90,90.0,1.0,1,0.2052826741778624,0.3333333333333333,0.16666666666666666,0.6666666666666667,0.2052975080681627,0.3333333333333333,0.16666666666666666,0.6666666666666667,0.20529352776578735,0.3333333333333333,0.16666666666666666,0.6666666666666667,0.1,0.9,0.1,,,,,
iris,passive,1004,200,102,9180,18000,0.9999362180405207,90,90.0,1.0,1,0.18721851283205748,0.3333333333333333,0.16666666666666666,0.6666666666666667,0.18721445181315297,0.3333333333333333,0.16666666666666666,0.6666666666666667,0.18720657166845825,0.3333333333333333,0.16666666666666666,0.6666666666666667,0.1,0.9,0.1,,,,,
breast_cancer,passive,1000,150,46,15686,51150,1.909632811691119,341,341.0,1.0,1,0.00913118831435438,0.9912023460410557,0.9906047664967625,0.008797653958944274,0.012272278748758808,0.9823008849557522,0.9810529845741114,0.017699115044247815,0.017437216814821643,0.9739130434782609,0.9720081135902637,0.02608695652173909,0.1,0.9,0.0,,,,,
breast_cancer,passive,1001,150,12,4092,51150,9.948601523118835,341,341.0,1.0,1,0.005362557973991287,0.9970674486803519,0.9968582142495186,0.0029325513196480912,0.026078693732301813,0.9469026548672567,0.9412681912681913,0.053097345132743334,0.05334995242786278,0.9043478260869565,0.8911827956989247,0.09565217391304348,0.1,0.9,0.0,,,,,
breast_cancer,passive,1002,150,76,25916,51150,1.9860729662551133,341,341.0,1.0,1,0.012131438550458368,0.9794721407624634,0.9782122548079994,0.02052785923753664,0.02550095210077691,0.9469026548672567,0.9441699604743083,0.053097345132743334,0.024093922146850483,0.9652173913043478,0.9631882202304738,0.034782608695652195,0.1,0.9,0.0,,,,,
breast_cancer,passive,1003,150,82,27962,51150,1.4728338478837322,341,341.0,1.0,1,0.014920326044234317,0.9736070381231672,0.9719871847531423,0.02639296187683282,0.02383071798410913,0.9557522123893806,0.9532787563053005,0.04424778761061943,0.021975161219409494,0.9478260869565217,0.9452380952380952,0.05217391304347829,0.1,0.9,0.0,,,,,
breast_cancer,passive,1004,150,64,21824,51150,1.4313061878225586,341,341.0,1.0,1,0.013839167484434717,0.9765395894428153,0.9745655254717684,0.02346041055718473,0.018561286167468796,0.9646017699115044,0.9613013698630137,0.03539823008849563,0.019808086054784162,0.9565217391304348,0.952357278979203,0.04347826086956519,0.1,0.9,0.0,,,,,
breast_cancer,passive,1000,150,46,15686,51150,1.8779447650365664,341,341.0,1.0,1,0.009311171767968479,0.9912023460410557,0.9906047664967625,0.008797653958944274,0.012201416852104931,0.9823008849557522,0.9810529845741114,0.017699115044247815,0.017485866278012675,0.9739130434782609,0.9720081135902637,0.02608695652173909,0.1,0.9,1e-06,,,,,
breast_cancer,passive,1001,150,12,4092,51150,9.716857689701692,341,341.0,1.0,1,0.0054576366957733114,0.9970674486803519,0.9968582142495186,0.0029325513196480912,0.02574707088866529,0.9469026548672567,0.9412681912681913,0.053097345132743334,0.053031079094923037,0.9043478260869565,0.8911827956989247,0.09565217391304348,0.1,0.9,1e-06,,,,,
breast_cancer,passive,1002,150,76,25916,51150,1.9706921973010678,341,341.0,1.0,1,0.01225301620735139,0.9794721407624634,0.9782122548079994,0.02052785923753664,0.02528681499135815,0.9469026548672567,0.9441699604743083,0.053097345132743334,0.024146923433230907,0.9652173913043478,0.9631882202304738,0.034782608695652195,0.1,0.9,1e-06,,,,,
breast_cancer,passive,1003,150,82,27962,51150,1.4873620127048521,341,341.0,1.0,1,0.014072179145398165,0.9736070381231672,0.9719871847531423,0.02639296187683282,0.02297750736106043,0.9646017699115044,0.9624584717607974,0.03539823008849563,0.02093042469684266,0.9478260869565217,0.9452380952380952,0.05217391304347829,0.1,0.9,1e-06,,,,,
breast_cancer,passive,1004,150,64,21824,51150,1.4075645497046,341,341.0,1.0,1,0.014191012330734151,0.9765395894428153,0.9745655254717684,0.02346041055718473,0.018562872380377776,0.9646017699115044,0.9613013698630137,0.03539823008849563,0.019974765881162242,0.9565217391304348,0.952357278979203,0.04347826086956519,0.1,0.9,1e-06,,,,,
breast_cancer,passive,1000,150,107,36487,51150,1.670392670484949,341,341.0,1.0,1,0.010908699680780537,0.9794721407624634,0.9782122548079994,0.02052785923753664,0.012064526609179093,0.9823008849557522,0.9810529845741114,0.017699115044247815,0.018221811991297313,0.9739130434782609,0.9720081135902637,0.02608695652173909,0.1,0.9,1e-05,,,,,
breast_cancer,passive,1001,150,13,4433,51150,8.41172186321007,341,341.0,1.0,1,0.005908791401577225,0.9970674486803519,0.9968582142495186,0.0029325513196480912,0.022985979578165543,0.9557522123893806,0.9513476276586584,0.04424778761061943,0.04970310981779482,0.9043478260869565,0.8911827956989247,0.09565217391304348,0.1,0.9,1e-05,,,,,
breast_cancer,passive,1002,150,77,26257,51150,1.829149940962802,341,341.0,1.0,1,0.013690031306479907,0.9706744868035191,0.9690112686295893,0.029325513196480912,0.02400873952929273,0.9469026548672567,0.9441699604743083,0.053097345132743334,0.025041119956026633,0.9565217391304348,0.9541796159056498,0.04347826086956519,0.1,0.9,1e-05,,,,,
breast_cancer,passive,1003,150,82,27962,51150,1.33060335309935,341,341.0,1.0,1,0.01566290986779394,0.9706744868035191,0.9689208895370033,0.029325513196480912,0.0250510164098974,0.9469026548672567,0.943687707641196,0.053097345132743334,0.020841120389379512,0.9565217391304348,0.9545418610166811,0.04347826086956519,0.1,0.9,1e-05,,,,,
breast_cancer,passive,1004,150,96,32736,51150,1.232321723926434,341,341.0,1.0,1,0.0176814605078623,0.9706744868035191,0.9680926716071563,0.029325513196480912,0.0182767269587636,0.9646017699115044,0.9613013698630137,0.03539823008849563,0.02178924789458603,0.9565217391304348,0.952357278979203,0.04347826086956519,0.1,0.9,1e-05,,,,,
breast_cancer,passive,1000,150,143,48763,51150,1.5603813228256314,341,341.0,1.0,1,0.013680265427980806,0.9824046920821115,0.9812966213251426,0.017595307917888547,0.0118973217733373,0.9823008849557522,0.9810529845741114,0.017699115044247815,0.021346430665118443,0.9739130434782609,0.9720081135902637,0.02608695652173909,0.1,0.9,0.0001,,,,,
breast_cancer,passive,1001,150,58,19778,51150,4.579923638492127,341,341.0,1.0,1,0.008020671500426055,0.9941348973607038,0.9937265435278535,0.0058651026392961825,0.013363263744906623,0.9734513274336283,0.971438200353863,0.026548672566371723,0.0367340630013814,0.9304347826086956,0.9224021592442645,0.06956521739130439,0.1,0.9,0.0001,,,,,
breast_cancer,passive,1002,150,141,48081,51150,1.1648287169984652,341,341.0,1.0,1,0.01861987261883275,0.9706744868035191,0.9689208895370033,0.029325513196480912,0.02263483226004605,0.9469026548672567,0.9446078431372549,0.053097345132743334,0.021688962333269807,0.9652173913043478,0.9634920634920635,0.034782608695652195,0.1,0.9,0.0001,,,,,
breast_cancer,passive,1003,150,132,45012,51150,1.1250995298168112,341,341.0,1.0,1,0.02397901938664406,0.9560117302052786,0.9535831283973248,0.04398826979472137,0.023558500413925595,0.9469026548672567,0.9441699604743083,0.053097345132743334,0.026978783437381432,0.9565217391304348,0.9545418610166811,0.04347826086956519,0.1,0.9,0.0001,,,,,
breast_cancer,passive,1004,150,148,50468,51150,0.820775307413747,341,341.0,1.0,1,0.03173836865777367,0.9413489736070382,0.9349435286935287,0.058651026392961825,0.025131704551324238,0.9469026548672567,0.9412681912681913,0.053097345132743334,0.02605006929189502,0.9565217391304348,0.952357278979203,0.04347826086956519,0.1,0.9,0.0001,,,,,
breast_cancer,passive,1000,150,107,36487,51150,1.6209554456356545,341,341.0,1.0,1,0.014915413755223813,0.9824046920821115,0.9812389964788732,0.017595307917888547,0.012715884223064354,0.9823008849557522,0.9810529845741114,0.017699115044247815,0.024177221150438986,0.9652173913043478,0.9628552971576227,0.034782608695652195,0.1,0.9,0.0003,,,,,
breast_cancer,passive,1001,150,130,44330,51150,3.5337809411132945,341,341.0,1.0,1,0.010629950937596213,0.9853372434017595,0.984291071247593,0.014662756598240456,0.012388441582128871,0.9823008849557522,0.9808604336043361,0.017699115044247815,0.03756391802824689,0.9304347826086956,0.9224021592442645,0.06956521739130439,0.1,0.9,0.0003,,,,,
breast_cancer,passive,1002,150,91,31031,51150,1.0366869482908547,341,341.0,1.0,1,0.02581674191362498,0.9530791788856305,0.9505582137161086,0.04692082111436946,0.028293765838203366,0.9380530973451328,0.9356125356125355,0.06194690265486724,0.026763879389248478,0.9478260869565217,0.9456521739130435,0.05217391304347829,0.1,0.9,0.0003,,,,,
breast_cancer,passive,1003,150,121,41261,51150,1.0906266679056007,341,341.0,1.0,1,0.024039632029673106,0.9560117302052786,0.9534496409752369,0.04398826979472137,0.022008556064051474,0.9646017699115044,0.9624584717607974,0.03539823008849563,0.026218263778199132,0.9478260869565217,0.9456521739130435,0.05217391304347829,0.1,0.9,0.0003,,,,,
breast_cancer,passive,1004,150,144,49104,51150,0.7452210381168374,341,341.0,1.0,1,0.033403545168894586,0.9325513196480938,0.9247175588639003,0.06744868035190621,0.027923074676736454,0.9380530973451328,0.9310555216595485,0.06194690265486724,0.02489302460754629,0.9565217391304348,0.952357278979203,0.04347826086956519,0.1,0.9,0.0003,,,,,
breast_cancer,passive,1000,150,34,11594,51150,1.6763095631841,341,341.0,1.0,1,0.020249629896213966,0.9648093841642229,0.9615702479338843,0.035190615835777095,0.015575229412491527,0.9823008849557522,0.9808604336043361,0.017699115044247815,0.03394464824596213,0.9217391304347826,0.9121466768525592,0.07826086956521738,0.1,0.9,0.001,,,,,
breast_cancer,passive,1001,150,73,24893,51150,2.487215823683421,341,341.0,1.0,1,0.01815610045783293,0.9736070381231672,0.9713351702236959,0.02639296187683282,0.01679436899132706,0.9823008849557522,0.9808604336043361,0.017699115044247815,0.045158140355107866,0.8956521739130435,0.8804573804573804,0.10434782608695647,0.1,0.9,0.001,,,,,
breast_cancer,passive,1002,150,58,19778,51150,0.895430932616914,341,341.0,1.0,1,0.030819244756709913,0.9530791788856305,0.9502734232592053,0.04692082111436946,0.031049203513387878,0.9380530973451328,0.9356125356125355,0.06194690265486724,0.027596505075049692,0.9652173913043478,0.9634920634920635,0.034782608695652195,0.1,0.9,0.001,,,,,
breast_cancer,passive,1003,150,80,27280,51150,0.9320292295418418,341,341.0,1.0,1,0.023634251259205312,0.9765395894428153,0.9746543778801844,0.02346041055718473,0.021525286976282122,0.9734513274336283,0.971438200353863,0.026548672566371723,0.02202781299191543,0.9826086956521739,0.9815941101152368,0.017391304347826098,0.1,0.9,0.001,,,,,
breast_cancer,passive,1004,150,10,3410,51150,0.7443149834621732,341,341.0,1.0,1,0.04692973115189652,0.8973607038123167,0.8822943479590126,0.1026392961876833,0.03811580241345883,0.9292035398230089,0.920701754385965,0.07079646017699115,0.03493050206620809,0.9217391304347826,0.9121466768525592,0.07826086956521738,0.1,0.9,0.001,,,,,
breast_cancer,passive,1000,150,103,35123,51150,1.4194066292912164,341,341.0,1.0,1,0.03243568769672586,0.9266862170087976,0.9178210281770247,0.07331378299120239,0.02825745059170787,0.9734513274336283,0.9711366538952746,0.026548672566371723,0.04603943014235223,0.8869565217391304,0.8695576302242387,0.11304347826086958,0.1,0.9,0.003,,,,,
breast_cancer,passive,1001,150,73,24893,51150,1.5508639692169828,341,341.0,1.0,1,0.029654784128798146,0.967741935483871,0.9653266285207198,0.032258064516129004,0.028069246586079,0.9823008849557522,0.9808604336043361,0.017699115044247815,0.045990536220260676,0.9130434782608695,0.9030026990553306,0.08695652173913049,0.1,0.9,0.003,,,,,
breast_cancer,passive,1002,150,58,19778,51150,0.8635601464232798,341,341.0,1.0,1,0.04998882193748778,0.9266862170087976,0.9234609134412513,0.07331378299120239,0.05010157977781849,0.9203539823008849,0.9177783167596409,0.07964601769911506,0.04316835439186421,0.9478260869565217,0.9456521739130435,0.05217391304347829,0.1,0.9,0.003,,,,,
breast_cancer,passive,1003,150,61,20801,51150,1.031827500023963,341,341.0,1.0,1,0.03372116585318518,0.9618768328445748,0.9585952458786718,0.038123167155425186,0.03239624712483822,0.9557522123893806,0.9518944231587909,0.04424778761061943,0.03479442626018549,0.9565217391304348,0.9545418610166811,0.04347826086956519,0.1,0.9,0.003,,,,,
breast_cancer,passive,1004,150,5,1705,51150,0.7772116263542495,341,341.0,1.0,1,0.06674461134681557,0.844574780058651,0.8130656488865444,0.15542521994134895,0.057465706539733416,0.8495575221238938,0.8196752088613536,0.1504424778761062,0.051874687935240825,0.8695652173913043,0.8471963858623439,0.13043478260869568,0.1,0.9,0.003,,,,,
breast_cancer,passive,1000,150,88,30008,51150,1.1221126393278673,341,341.0,1.0,1,0.05774101884564622,0.9384164222873901,0.9315503216494452,0.061583577712609916,0.05485242034621834,0.9734513274336283,0.9711366538952746,0.026548672566371723,0.0647919270543682,0.8956521739130435,0.8804573804573804,0.10434782608695647,0.1,0.9,0.01,,,,,
breast_cancer,passive,1001,150,92,31372,51150,1.2415836595750958,341,341.0,1.0,1,0.05848389586303738,0.8885630498533724,0.8712645048481957,0.11143695014662758,0.0557881823720577,0.8849557522123894,0.8665152203543843,0.11504424778761058,0.07261264945183875,0.8521739130434782,0.824016563146998,0.14782608695652177,0.1,0.9,0.01,,,,,
breast_cancer,passive,1002,150,143,48763,51150,0.9109080935751314,341,341.0,1.0,1,0.09190691643685546,0.8797653958944281,0.8766726943942134,0.12023460410557185,0.09124965931859585,0.8761061946902655,0.8738839285714286,0.12389380530973448,0.08371875403786491,0.9043478260869565,0.9019455856135183,0.09565217391304348,0.1,0.9,0.01,,,,,
breast_cancer,passive,1003,150,70,23870,51150,1.0849029361633262,341,341.0,1.0,1,0.06842146072599192,0.9442815249266863,0.9401096310812433,0.055718475073313734,0.06757665698496144,0.9734513274336283,0.9717146433041302,0.026548672566371723,0.07423064363821234,0.9130434782608695,0.9106032338308458,0.08695652173913049,0.1,0.9,0.01,,,,,
breast_cancer,passive,1004,150,5,1705,51150,0.8520058576824578,341,341.0,1.0,1,0.08425144188061329,0.8005865102639296,0.7486559139784946,0.19941348973607043,0.08058849600547781,0.7876106194690266,0.727710843373494,0.21238938053097345,0.07178272200047567,0.8,0.7485980420112156,0.19999999999999996,0.1,0.9,0.01,,,,,
breast_cancer,passive,1000,150,150,51150,51150,1.0016724545844267,341,341.0,1.0,1,0.14948715630222517,0.6275659824046921,0.3855855855855856,0.3724340175953079,0.14936548883686762,0.6283185840707964,0.3858695652173913,0.37168141592920356,0.14973716678209573,0.6260869565217392,0.3850267379679145,0.3739130434782608,0.1,0.9,0.03,,,,,
breast_cancer,passive,1001,150,100,34100,51150,0.9987586915517757,341,341.0,1.0,1,0.20712727997357552,0.3724340175953079,0.27136752136752135,0.6275659824046921,0.2071991000283021,0.37168141592920356,0.27096774193548384,0.6283185840707964,0.2068701711310866,0.3739130434782609,0.2721518987341772,0.6260869565217391,0.1,0.9,0.03,,,,,
breast_cancer,passive,1002,150,36,12276,51150,1.0004247451299686,341,341.0,1.0,1,0.1565855139433929,0.6275659824046921,0.3855855855855856,0.3724340175953079,0.15657800978986264,0.6283185840707964,0.3858695652173913,0.37168141592920356,0.15665202287786398,0.6260869565217392,0.3850267379679145,0.3739130434782608,0.1,0.9,0.03,,,,,
breast_cancer,passive,1003,150,23,7843,51150,0.9987178296386218,341,341.0,1.0,1,0.21963402672060084,0.3724340175953079,0.27136752136752135,0.6275659824046921,0.21973251222862156,0.37168141592920356,0.27096774193548384,0.6283185840707964,0.21935241848118953,0.3739130434782609,0.2721518987341772,0.6260869565217391,0.1,0.9,0.03,,,,,
breast_cancer,passive,1004,150,93,31713,51150,1.005745530883783,341,341.0,1.0,1,0.19881469859876325,0.6275659824046921,0.3855855855855856,0.3724340175953079,0.19836323509876455,0.6283185840707964,0.3858695652173913,0.37168141592920356,0.19995699458971247,0.6260869565217392,0.3850267379679145,0.3739130434782608,0.1,0.9,0.03,,,,,
breast_cancer,passive,1000,150,93,31713,51150,1.0010677096430485,341,341.0,1.0,1,0.15052482726521182,0.6275659824046921,0.3855855855855856,0.3724340175953079,0.15044363546830686,0.6283185840707964,0.3858695652173913,0.37168141592920356,0.1506855440748011,0.6260869565217392,0.3850267379679145,0.3739130434782608,0.1,0.9,0.1,,,,,
breast_cancer,passive,1001,150,148,50468,51150,0.9999403636820267,341,341.0,1.0,1,0.16114398666635882,0.3724340175953079,0.27136752136752135,0.6275659824046921,0.16114710208245686,0.37168141592920356,0.27096774193548384,0.6283185840707964,0.1611343766323305,0.3739130434782609,0.2721518987341772,0.6260869565217391,0.1,0.9,0.1,,,,,
breast_cancer,passive,1002,150,36,12276,51150,0.9985790411635347,341,341.0,1.0,1,0.18174857021952032,0.3724340175953079,0.27136752136752135,0.6275659824046921,0.18180404315020884,0.37168141592920356,0.27096774193548384,0.6283185840707964,0.18149031298265195,0.3739130434782609,0.2721518987341772,0.6260869565217391,0.1,0.9,0.1,,,,,
breast_cancer,passive,1003,150,89,30349,51150,0.9983983872380702,341,341.0,1.0,1,0.24532062960732304,0.3724340175953079,0.27136752136752135,0.6275659824046921,0.24550875496056174,0.37168141592920356,0.27096774193548384,0.6283185840707964,0.2449277209561793,0.3739130434782609,0.2721518987341772,0.6260869565217391,0.1,0.9,0.1,,,,,
breast_cancer,passive,1004,150,25,8525,51150,1.0024393418284847,341,341.0,1.0,1,0.15285287485585144,0.6275659824046921,0.3855855855855856,0.3724340175953079,0.15268077809471595,0.6283185840707964,0.3858695652173913,0.37168141592920356,0.15322573526709146,0.6260869565217392,0.3850267379679145,0.3739130434782608,0.1,0.9,0.1,,,,,
optdigits,passive,1000,60,57,192204,202320,5.49203533341665,3372,3372.0,1.0,1,0.0004334756554708139,1.0,1.0,0.0,0.0026431023389367017,0.9830960854092526,0.9830333015969688,0.01690391459074736,0.002380663616021653,0.9857651245551602,0.9857878685712874,0.014234875444839812,0.1,0.9,0.0,,,,,
optdigits,passive,1001,60,29,97788,202320,5.635615939422762,3372,3372.0,1.0,1,0.00037549125815399307,1.0,1.0,0.0,0.0022099519384012768,0.9884341637010676,0.9884027709631573,0.011565836298932375,0.002116124519566551,0.9857651245551602,0.9857640667502977,0.014234875444839812,0.1,0.9,0.0,,,,,
optdigits,passive,1002,60,44,148368,202320,7.022901473636153,3372,3372.0,1.0,1,0.00035951953860013,1.0,1.0,0.0,0.002416774189958554,0.9857651245551602,0.9857868011212381,0.014234875444839812,0.0025248702974358427,0.9786476868327402,0.9787809955132968,0.02135231316725983,0.1,0.9,0.0,,,,,
optdigits,passive,1000,60,57,192204,202320,4.980020996756943,3372,3372.0,1.0,1,0.00047694511755734016,1.0,1.0,0.0,0.002574461575983607,0.9830960854092526,0.983036570271644,0.01690391459074736,0.0023751966997362624,0.9848754448398577,0.9848985075636401,0.015124555160142328,0.1,0.9,1e-06,,,,,
optdigits,passive,1001,60,60,202320,202320,5.037461137726084,3372,3372.0,1.0,1,0.0004167998712551647,1.0,1.0,0.0,0.0021519891907280982,0.9902135231316725,0.9901845661809945,0.009786476868327454,0.0020996131536571276,0.9884341637010676,0.9884226630514356,0.011565836298932375,0.1,0.9,1e-06,,,,,
optdigits,passive,1002,60,57,192204,202320,6.246974070674606,3372,3372.0,1.0,1,0.000399791578993436,1.0,1.0,0.0,0.0023683348260737295,0.9848754448398577,0.9848774675527586,0.015124555160142328,0.0024974876276460537,0.9795373665480427,0.9796585285135795,0.020462633451957313,0.1,0.9,1e-06,,,,,
optdigits,passive,1000,60,59,198948,202320,2.651652688044572,3372,3372.0,1.0,1,0.0010019561997015414,0.9997034400948992,0.9997049627613397,0.00029655990510080166,0.0027464359486293064,0.9830960854092526,0.9830366813193429,0.01690391459074736,0.0026568398502415163,0.9839857651245552,0.9840766373259642,0.016014234875444844,0.1,0.9,1e-05,,,,,
optdigits,passive,1001,60,49,165228,202320,2.560662000378,3372,3372.0,1.0,1,0.0009492983088713357,0.9991103202846975,0.9991121502832957,0.000889679715302516,0.002386877247960076,0.9875444839857651,0.9875287372909387,0.01245551601423489,0.0024308321065499273,0.9884341637010676,0.9884662194494014,0.011565836298932375,0.1,0.9,1e-05,,,,,
optdigits,passive,1002,60,49,165228,202320,3.1823336002306215,3372,3372.0,1.0,1,0.0008256792414566196,1.0,1.0,0.0,0.0025021517610164835,0.9848754448398577,0.9848796951864033,0.015124555160142328,0.002627586793100333,0.9839857651245552,0.9840394885261169,0.016014234875444844,0.1,0.9,1e-05,,,,,
optdigits,passive,1000,60,24,80928,202320,1.21382652668512,3372,3372.0,1.0,1,0.003748849847419712,0.9848754448398577,0.9848890444152923,0.015124555160142328,0.004718609432018102,0.9733096085409253,0.9734159159498599,0.026690391459074703,0.004550453389357512,0.9733096085409253,0.9733805051118225,0.026690391459074703,0.1,0.9,0.0001,,,,,
optdigits,passive,1001,60,24,80928,202320,1.2623910258407387,3372,3372.0,1.0,1,0.0034469919946409507,0.9854685646500593,0.9854694478558066,0.014531435349940724,0.004251357354699275,0.9777580071174378,0.9777061652228524,0.022241992882562234,0.004351451760179604,0.9759786476868327,0.9759987928946261,0.024021352313167266,0.1,0.9,0.0001,,,,,
optdigits,passive,1002,60,49,165228,202320,1.3399931495268798,3372,3372.0,1.0,1,0.003316916850087455,0.9911032028469751,0.9911242154505773,0.008896797153024938,0.004062398428580443,0.9795373665480427,0.979493014271668,0.020462633451957313,0.004444645856667466,0.9804270462633452,0.9805323521608255,0.019572953736654797,0.1,0.9,0.0001,,,,,
optdigits,passive,1000,60,45,151740,202320,1.0740918354833306,3372,3372.0,1.0,1,0.006473242481415224,0.9700474495848161,0.9699956369408339,0.029952550415183854,0.007194910490573474,0.9617437722419929,0.9616737538676343,0.03825622775800708,0.006952856898391949,0.9599644128113879,0.9599382777320091,0.04003558718861211,0.1,0.9,0.0003,,,,,
optdigits,passive,1001,60,12,40464,202320,1.1427289387938921,3372,3372.0,1.0,1,0.006290470201611513,0.9661921708185054,0.9661123504293497,0.03380782918149461,0.006808860636274868,0.9590747330960854,0.9589510923454372,0.040925266903914626,0.007188302338002125,0.9564056939501779,0.9562743979949803,0.04359430604982206,0.1,0.9,0.0003,,,,,
optdigits,passive,1002,60,45,151740,202320,1.1680667777767435,3372,3372.0,1.0,1,0.006369386728551553,0.9712336892052195,0.9712910681274167,0.028766310794780536,0.00668106130338029,0.9697508896797153,0.9695751206519857,0.030249110320284656,0.007439869032433166,0.9546263345195729,0.9545951761830412,0.045373665480427094,0.1,0.9,0.0003,,,,,
optdigits,passive,1000,60,24,80928,202320,1.0156876683394103,3372,3372.0,1.0,1,0.013585149284834046,0.9228944246737841,0.9219801631381838,0.07710557532621587,0.014398177566674854,0.9208185053380783,0.9203136548043405,0.0791814946619217,0.0137982686011559,0.9172597864768683,0.9166208978547046,0.08274021352313166,0.1,0.9,0.001,,,,,
optdigits,passive,1001,60,32,107904,202320,1.0747173827533343,3372,3372.0,1.0,1,0.01218341258612456,0.9311981020166074,0.9312420187978587,0.06880189798339265,0.012249170100357837,0.9234875444839857,0.9233009949995109,0.07651245551601427,0.013093725287563817,0.9137010676156584,0.9138810366822808,0.08629893238434161,0.1,0.9,0.001,,,,,
optdigits,passive,1002,60,45,151740,202320,1.028379075090956,3372,3372.0,1.0,1,0.012707659380551161,0.9314946619217082,0.9309151267422194,0.06850533807829184,0.012424579735785818,0.9323843416370107,0.9319085244800884,0.06761565836298933,0.013068291000342116,0.9208185053380783,0.9205118245834862,0.0791814946619217,0.1,0.9,0.001,,,,,
optdigits,passive,1000,60,49,165228,202320,1.0071927312447615,3372,3372.0,1.0,1,0.02928715421979087,0.7411032028469751,0.7189270817762565,0.25889679715302494,0.029642317187695805,0.7419928825622776,0.7225214578589262,0.2580071174377224,0.029497808849017704,0.7268683274021353,0.7011472843589489,0.27313167259786475,0.1,0.9,0.003,,,,,
optdigits,passive,1001,60,35,118020,202320,1.0172668066037442,3372,3372.0,1.0,1,0.02920411452009019,0.7158956109134045,0.7167729217437331,0.2841043890865955,0.028817571193709996,0.7135231316725978,0.7145486564869887,0.28647686832740216,0.02970837631754219,0.6957295373665481,0.691370105024758,0.3042704626334519,0.1,0.9,0.003,,,,,
optdigits,passive,1002,60,9,30348,202320,1.0052602392293313,3372,3372.0,1.0,1,0.025523883488160353,0.7947805456702254,0.7810251258688341,0.20521945432977462,0.02498732614654251,0.7998220640569395,0.7881553775517494,0.20017793594306055,0.025658145221369656,0.7802491103202847,0.7684559763552871,0.21975088967971534,0.1,0.9,0.003,,,,,
optdigits,passive,1000,60,50,168600,202320,0.9999558619451118,3372,3372.0,1.0,1,0.060831144669437676,0.09934756820877817,0.018073914216347454,0.9006524317912218,0.06081008540335174,0.099644128113879,0.018122977346278317,0.900355871886121,0.06082845970103534,0.09875444839857651,0.017975708502024294,0.9012455516014235,0.1,0.9,0.01,,,,,
optdigits,passive,1001,60,1,3372,202320,0.9999200870319555,3372,3372.0,1.0,1,0.06469161130859422,0.10172004744958482,0.018465679676985196,0.8982799525504152,0.06466928281528551,0.10142348754448399,0.01841680129240711,0.8985765124555161,0.06468644160992697,0.10142348754448399,0.01841680129240711,0.8985765124555161,0.1,0.9,0.01,,,,,
optdigits,passive,1002,60,36,121392,202320,1.0001444204757397,3372,3372.0,1.0,1,0.061012347867999896,0.09934756820877817,0.018073914216347454,0.9006524317912218,0.06097220581755893,0.099644128113879,0.018122977346278317,0.900355871886121,0.06102115930030498,0.09875444839857651,0.017975708502024294,0.9012455516014235,0.1,0.9,0.01,,,,,
optdigits,passive,1000,60,39,131508,202320,1.000080630657119,3372,3372.0,1.0,1,0.06232091467394694,0.09905100830367734,0.01802482460874258,0.9009489916963227,0.062322318876597026,0.09875444839857651,0.017975708502024294,0.9012455516014235,0.062325939650249365,0.099644128113879,0.018122977346278317,0.900355871886121,0.1,0.9,0.03,,,,,
optdigits,passive,1001,60,21,70812,202320,0.999897442929744,3372,3372.0,1.0,1,0.07383490982206697,0.09845788849347568,0.017926565874730023,0.9015421115065243,0.07381410683098066,0.09875444839857651,0.017975708502024294,0.9012455516014235,0.07382733753003301,0.09875444839857651,0.017975708502024294,0.9012455516014235,0.1,0.9,0.03,,,,,
optdigits,passive,1002,60,33,111276,202320,0.9998459591339965,3372,3372.0,1.0,1,0.06732458585506464,0.10172004744958482,0.018465679676985196,0.8982799525504152,0.06733393424366896,0.10142348754448399,0.01841680129240711,0.8985765124555161,0.0673142151175562,0.10231316725978648,0.018563357546408393,0.8976868327402135,0.1,0.9,0.03,,,,,
optdigits,passive,1000,60,51,171972,202320,0.9997558642271634,3372,3372.0,1.0,1,0.06749528777158302,0.09905100830367734,0.01802482460874258,0.9009489916963227,0.06749359680103367,0.09875444839857651,0.017975708502024294,0.9012455516014235,0.06747880975734008,0.099644128113879,0.018122977346278317,0.900355871886121,0.1,0.9,0.1,,,,,
optdigits,passive,1001,60,25,84300,202320,1.0004917211126931,3372,3372.0,1.0,1,0.07143996687889567,0.09934756820877817,0.018073914216347454,0.9006524317912218,0.07142178916683309,0.099644128113879,0.018122977346278317,0.900355871886121,0.07147509541890013,0.09875444839857651,0.017975708502024294,0.9012455516014235,0.1,0.9,0.1,,,,,
optdigits,passive,1002,60,19,64068,202320,0.9994317850085978,3372,3372.0,1.0,1,0.06465049208325951,0.10172004744958482,0.018465679676985196,0.8982799525504152,0.06467954126614192,0.10142348754448399,0.01841680129240711,0.8985765124555161,0.06461375670445627,0.10231316725978648,0.018563357546408393,0.8976868327402135,0.1,0.9,0.1,,,,,
diabetes,passive,1000,200,27,7155,53000,1.7827036882907563,265,265.0,1.0,1,0.014955064421582022,,,,0.02353913643595145,,,,0.026660448502980136,,,,0.1,0.9,0.0,45.70622417874722,57.342479025567506,61.026003123347536,,
diabetes,passive,1001,200,95,25175,53000,1.1945747842187546,265,265.0,1.0,1,0.01765896951534242,,,,0.020224273155551867,,,,0.02109495969831574,,,,0.1,0.9,0.0,51.49373400024644,55.10717753626415,56.28090299737756,,
diabetes,passive,1002,200,77,20405,53000,0.9279791154459485,265,265.0,1.0,1,0.01714700736074364,,,,0.020137885713396537,,,,0.01591206472316805,,,,0.1,0.9,0.0,51.72389992508324,56.05366730583018,49.82649795472581,,
diabetes,passive,1003,200,30,7950,53000,1.002836106994272,265,265.0,1.0,1,0.018804283617543792,,,,0.01932275247832754,,,,0.018857614577833783,,,,0.1,0.9,0.0,54.16584118637197,54.907489975695064,54.242596863595274,,
diabetes,passive,1004,200,166,43990,53000,1.260739610429329,265,265.0,1.0,1,0.017310967719907682,,,,0.017649237639371696,,,,0.0218246226993511,,,,0.1,0.9,0.0,52.79292425403427,53.30623637880145,59.27730050844501,,
diabetes,passive,1000,200,27,7155,53000,1.7699401205354426,265,265.0,1.0,1,0.015002590899821323,,,,0.02349294310382775,,,,0.026553687545573686,,,,0.1,0.9,1e-06,45.778792665022,57.28618679524357,60.90369216360461,,
diabetes,passive,1001,200,95,25175,53000,1.185889378371146,265,265.0,1.0,1,0.017796064977586675,,,,0.020232734251702935,,,,0.021104164433722785,,,,0.1,0.9,1e-06,51.69323342363824,55.118703744575384,56.29318067715829,,
diabetes,passive,1002,200,77,20405,53000,0.925214030193532,265,265.0,1.0,1,0.017186220359706034,,,,0.020112278069044903,,,,0.015900932202797754,,,,0.1,0.9,1e-06,51.78300910166513,56.01801661718068,49.80906490731902,,
diabetes,passive,1003,200,30,7950,53000,0.9969583125074732,265,265.0,1.0,1,0.018899373727326797,,,,0.019307875906605588,,,,0.018841887738643797,,,,0.1,0.9,1e-06,54.30262227375547,54.88634928949216,54.21997357452232,,
diabetes,passive,1004,200,166,43990,53000,1.2518848100757727,265,265.0,1.0,1,0.017446700655787982,,,,0.01762212611749316,,,,0.021841259536919996,,,,0.1,0.9,1e-06,52.99949118672404,53.265277991281124,59.299889649240875,,
diabetes,passive,1000,200,27,7155,53000,1.6794126564357756,265,265.0,1.0,1,0.015388421886107157,,,,0.023224543253235006,,,,0.02584351047810165,,,,0.1,0.9,1e-05,46.36371670417279,56.958007988649825,60.08373948411455,,
diabetes,passive,1001,200,124,32860,53000,1.1343047660160392,265,265.0,1.0,1,0.01893345490306853,,,,0.020340751716518266,,,,0.02147630813370038,,,,0.1,0.9,1e-05,53.319570401390926,55.265640319582346,56.78733919810777,,
diabetes,passive,1002,200,145,38425,53000,0.9052094506558145,265,265.0,1.0,1,0.017464944407373575,,,,0.0199015910524715,,,,0.015809432732732973,,,,0.1,0.9,1e-05,52.201225571440965,55.72383461286441,49.66554884549915,,
diabetes,passive,1003,200,30,7950,53000,0.9583718052093572,265,265.0,1.0,1,0.01942589002287575,,,,0.019208736588831567,,,,0.018617225289021874,,,,0.1,0.9,1e-05,55.0538326623968,54.745256655462356,53.89575656505471,,
diabetes,passive,1004,200,199,52735,53000,1.1907447555463295,265,265.0,1.0,1,0.018455078907819143,,,,0.01736207961601935,,,,0.021975288422679328,,,,0.1,0.9,1e-05,54.509600440836806,52.87080429148505,59.4815582549712,,
diabetes,passive,1000,200,45,11925,53000,1.372458790514509,265,265.0,1.0,1,0.017417781092461226,,,,0.02170869918565782,,,,0.023905186771605816,,,,0.1,0.9,0.0001,49.326194984370474,55.06784758222401,57.78661721378938,,
diabetes,passive,1001,200,124,32860,53000,1.0267255790961407,265,265.0,1.0,1,0.025187045240630514,,,,0.025692236409095685,,,,0.02586018361040706,,,,0.1,0.9,0.0001,61.49790453270279,62.11159210085726,62.31426959573694,,
diabetes,passive,1002,200,99,26235,53000,0.8025225285652401,265,265.0,1.0,1,0.02001066010742281,,,,0.023312678355219114,,,,0.016059005547668533,,,,0.1,0.9,0.0001,55.876320953160864,60.31053506953045,50.056032009888504,,
diabetes,passive,1003,200,41,10865,53000,0.9614523201730361,265,265.0,1.0,1,0.017715563956395775,,,,0.018833627246344457,,,,0.01703267006905053,,,,0.1,0.9,0.0001,52.57443167830397,54.2080869530635,51.551162426502174,,
diabetes,passive,1004,200,87,23055,53000,1.1185081661927776,265,265.0,1.0,1,0.018927337481366192,,,,0.017457598134601446,,,,0.021170381537194725,,,,0.1,0.9,0.0001,55.20263497755131,53.01604075341649,58.3820563718811,,
diabetes,passive,1000,200,191,50615,53000,1.248065343676343,265,265.0,1.0,1,0.01928270294118823,,,,0.021078604963126944,,,,0.024066073273302915,,,,0.1,0.9,0.0003,51.899736958105834,54.26279172791472,57.98074864646015,,
diabetes,passive,1001,200,124,32860,53000,0.994018796824795,265,265.0,1.0,1,0.023713326193091355,,,,0.02445857988239044,,,,0.023571491971170564,,,,0.1,0.9,0.0003,59.67163594356513,60.602051413010685,59.492914210820764,,
diabetes,passive,1002,200,150,39750,53000,0.7796156815999477,265,265.0,1.0,1,0.020844135428153568,,,,0.023805871805985434,,,,0.01625041484918156,,,,0.1,0.9,0.0003,57.02811789089361,60.94514868739658,50.3534604257101,,
diabetes,passive,1003,200,61,16165,53000,1.0239628127059965,265,265.0,1.0,1,0.01998576223740734,,,,0.023043644323930603,,,,0.02046467731468891,,,,0.1,0.9,0.0003,55.8415486272675,59.961526044967144,56.506648086967054,,
diabetes,passive,1004,200,73,19345,53000,1.1175157177156605,265,265.0,1.0,1,0.018435309082486116,,,,0.01711295207951324,,,,0.020601747660624507,,,,0.1,0.9,0.0003,54.48039617560344,52.49011358140937,57.59265199303871,,
diabetes,passive,1000,200,152,40280,53000,1.180551042405477,265,265.0,1.0,1,0.020964963048729426,,,,0.02266667104247016,,,,0.024750208981169832,,,,0.1,0.9,0.001,54.11631947595989,56.269761221446046,58.799094289442024,,
diabetes,passive,1001,200,92,24380,53000,0.9960223178798625,265,265.0,1.0,1,0.02270352685332511,,,,0.02480606415724716,,,,0.022613219440496577,,,,0.1,0.9,0.001,58.3872970265759,61.031021383486966,58.27105826748013,,
diabetes,passive,1002,200,78,20670,53000,0.8331977253168513,265,265.0,1.0,1,0.02042905719718526,,,,0.0219665639673519,,,,0.01702144398706261,,,,0.1,0.9,0.001,56.45744989982129,58.54342954598817,51.534171169054844,,
diabetes,passive,1003,200,19,5035,53000,1.1114034409521016,265,265.0,1.0,1,0.026810102724246103,,,,0.03516072438670498,,,,0.029796840420006434,,,,0.1,0.9,0.001,64.67647391092451,74.06721287071389,68.18395725191888,,
diabetes,passive,1004,200,144,38160,53000,1.0361495824830107,265,265.0,1.0,1,0.0187086724671853,,,,0.017197322766865114,,,,0.019384983165685446,,,,0.1,0.9,0.001,54.88283428830514,52.61934849731709,55.86602347323061,,
diabetes,passive,1000,200,152,40280,53000,0.9875303670974005,265,265.0,1.0,1,0.02896323154936775,,,,0.03205023630687373,,,,0.028602070684274148,,,,0.1,0.9,0.003,63.60697023205557,66.9108919579664,63.20914838411437,,
diabetes,passive,1001,200,10,2650,53000,1.0435431146642935,265,265.0,1.0,1,0.029038296473555915,,,,0.03190991002516597,,,,0.030302714346559713,,,,0.1,0.9,0.003,66.03242919094663,69.22046248918255,67.45474001951685,,
diabetes,passive,1002,200,7,1855,53000,0.9275645965753645,265,265.0,1.0,1,0.028175801502240184,,,,0.02971434326465391,,,,0.026134875953612965,,,,0.1,0.9,0.003,66.30331386429357,68.08950291981596,63.85682438598448,,
diabetes,passive,1003,200,157,41605,53000,1.2040945891494046,265,265.0,1.0,1,0.03712785428476415,,,,0.05477429811290276,,,,0.04470544845101205,,,,0.1,0.9,0.003,76.11092868163104,92.44544263004886,83.51746879886359,,
diabetes,passive,1004,200,173,45845,53000,0.8278802709612307,265,265.0,1.0,1,0.025705568352309666,,,,0.024790602277326976,,,,0.021281132892722564,,,,0.1,0.9,0.003,64.33223662886597,63.1769396375426,58.53456797054607,,
diabetes,passive,1000,200,1,265,53000,0.8466501629006645,265,265.0,1.0,1,0.04281092164912012,,,,0.04807756153816365,,,,0.036245873788155136,,,,0.1,0.9,0.01,77.33186607037581,81.9506528256617,71.1558299014263,,
diabetes,passive,1001,200,137,36305,53000,1.042539778657909,265,265.0,1.0,1,0.04653963489851739,,,,0.04810039629972401,,,,0.04851942066592021,,,,0.1,0.9,0.01,83.59555641737485,84.98573487286224,85.35510681480682,,
diabetes,passive,1002,200,46,12190,53000,0.9135925558253597,265,265.0,1.0,1,0.04140492793235293,,,,0.04196947542039207,,,,0.03782723393348314,,,,0.1,0.9,0.01,80.37539350227387,80.92148912660141,76.82443735213234,,
diabetes,passive,1003,200,113,29945,53000,1.259541137021815,265,265.0,1.0,1,0.04638120318979196,,,,0.06992168391342855,,,,0.0584190334021104,,,,0.1,0.9,0.01,85.06836796181815,104.4486990469134,95.47161717790411,,
diabetes,passive,1004,200,56,14840,53000,0.7371563677587041,265,265.0,1.0,1,0.038635682703750084,,,,0.04067968395851449,,,,0.0284805395277742,,,,0.1,0.9,0.01,78.86954598295839,80.92893598291663,67.7156655790568,,
diabetes,passive,1000,200,1,265,53000,0.8467403536177719,265,265.0,1.0,1,0.042820994158244904,,,,0.04815665464024901,,,,0.03625826373581684,,,,0.1,0.9,0.03,77.34096281585335,82.01803423535983,71.16799048121284,,
diabetes,passive,1001,200,31,8215,53000,1.0463934415192657,265,265.0,1.0,1,0.044786914516796984,,,,0.045982405538666976,,,,0.046864733616260354,,,,0.1,0.9,0.03,82.00631154315377,83.0935953107426,83.88702317442545,,
diabetes,passive,1002,200,46,12190,53000,0.9100777444203908,265,265.0,1.0,1,0.04294996371373651,,,,0.04312101154749218,,,,0.03908780609953495,,,,0.1,0.9,0.03,81.86127343521929,82.02411734787195,78.09401351371271,,
diabetes,passive,1003,200,162,42930,53000,1.2583461662881632,265,265.0,1.0,1,0.046061255940518825,,,,0.06941234636675266,,,,0.057961004827169746,,,,0.1,0.9,0.03,84.77445050319966,104.06758064773383,95.0966128637564,,
diabetes,passive,1004,200,56,14840,53000,0.7339273838075535,265,265.0,1.0,1,0.03881533386649259,,,,0.04093288080033224,,,,0.02848763643625164,,,,0.1,0.9,0.03,79.052700152901,81.18040260111884,67.72410190005066,,
diabetes,passive,1000,200,77,20405,53000,0.8462548788253119,265,265.0,1.0,1,0.04287463418112677,,,,0.04816598167929043,,,,0.03628286835362901,,,,0.1,0.9,0.1,77.38938850896841,82.02597652678239,71.19213344976644,,
diabetes,passive,1001,200,131,34715,53000,1.056249655566372,265,265.0,1.0,1,0.041258830948899705,,,,0.04159899225788491,,,,0.04357962597884649,,,,0.1,0.9,0.1,78.71004595774748,79.03384516283535,80.89346829865912,,
diabetes,passive,1002,200,28,7420,53000,0.908597032841613,265,265.0,1.0,1,0.043679740349554165,,,,0.04367907240504711,,,,0.03968728247689699,,,,0.1,0.9,0.1,82.55380965188215,82.55317844878824,78.69058551350253,,
diabetes,passive,1003,200,111,29415,53000,1.2428553262523327,265,265.0,1.0,1,0.04293361232512427,,,,0.06427019322725716,,,,0.0533602687535335,,,,0.1,0.9,0.1,81.84568933687048,100.13868831916463,91.24437479795708,,
diabetes,passive,1004,200,113,29945,53000,0.7264482985671207,265,265.0,1.0,1,0.03929688679415654,,,,0.041577480863537464,,,,0.028547156550599775,,,,0.1,0.9,0.1,79.54156256476749,81.81710935888276,67.79481403159592,,
concrete,passive,1000,200,199,122982,123600,1.3198006776632134,618,618.0,1.0,1,0.0030576302363497843,,,,0.0036655293476731115,,,,0.004035462457977977,,,,0.1,0.9,0.0,5.548068093168509,6.074599512637662,6.3737636663883235,,
concrete,passive,1001,200,189,116802,123600,1.3811746064457084,618,618.0,1.0,1,0.003487901332439949,,,,0.004172701666355227,,,,0.004817400750154209,,,,0.1,0.9,0.0,5.9255872327243,6.481237977171011,6.963950707764703,,
concrete,passive,1002,200,187,115566,123600,1.4903704103748527,618,618.0,1.0,1,0.0033351132442542264,,,,0.003994444876782596,,,,0.004970554094485778,,,,0.1,0.9,0.0,5.794348243489181,6.341288566255854,7.073782507765525,,
concrete,passive,1003,200,189,116802,123600,1.4005470231041441,618,618.0,1.0,1,0.0036667374465701886,,,,0.005829844091031579,,,,0.0051354382152983685,,,,0.1,0.9,0.0,5.906564157929193,7.447722541769649,6.990106185248986,,
concrete,passive,1004,200,200,123600,123600,1.0595185641112594,618,618.0,1.0,1,0.0036286202891593925,,,,0.0030074632978399295,,,,0.003844590558475143,,,,0.1,0.9,0.0,5.980082375313108,5.444231351184413,6.15547329733372,,
concrete,passive,1000,200,199,122982,123600,1.3050655763244743,618,618.0,1.0,1,0.003131578095927229,,,,0.0037377712880393025,,,,0.004086914772566369,,,,0.1,0.9,1e-06,5.6147564642679155,6.13416794641935,6.414267844071255,,
concrete,passive,1001,200,189,116802,123600,1.3891220638099728,618,618.0,1.0,1,0.0035237020935118954,,,,0.0042243568297836214,,,,0.004894852324390766,,,,0.1,0.9,1e-06,5.955920507895273,6.521231209642057,7.0197088132667345,,
concrete,passive,1002,200,165,101970,123600,1.4508071965957379,618,618.0,1.0,1,0.0033928187726673126,,,,0.0039391271559927376,,,,0.004922325892130856,,,,0.1,0.9,1e-06,5.844261386879857,6.297226299513662,7.039381172718419,,
concrete,passive,1003,200,189,116802,123600,1.3952094793068925,618,618.0,1.0,1,0.0036976279280825047,,,,0.005834114225542292,,,,0.005158965536210616,,,,0.1,0.9,1e-06,5.931391943760685,7.4504496263290445,7.006100004440729,,
concrete,passive,1004,200,200,123600,123600,1.0449174321518915,618,618.0,1.0,1,0.003754800278956533,,,,0.003089532657928026,,,,0.003923456265730467,,,,0.1,0.9,1e-06,6.083168199432585,5.518014016025914,6.2182877076510135,,
concrete,passive,1000,200,199,122982,123600,1.2420938892271856,618,618.0,1.0,1,0.0038153908907821556,,,,0.004506511806600967,,,,0.004739073710453584,,,,0.1,0.9,1e-05,6.197532597333648,6.7354956047868955,6.907104589931703,,
concrete,passive,1001,200,186,114948,123600,1.3695222172163213,618,618.0,1.0,1,0.003850521172944104,,,,0.004806129586932409,,,,0.0052733742942088,,,,0.1,0.9,1e-05,6.225999168838578,6.955799238295781,7.286074362481376,,
concrete,passive,1002,200,167,103206,123600,1.2902429033114227,618,618.0,1.0,1,0.004172924963542626,,,,0.004291049667826538,,,,0.00538408682026195,,,,0.1,0.9,1e-05,6.481411392737895,6.572507209676283,7.3621612892452575,,
concrete,passive,1003,200,154,95172,123600,1.3456545853331336,618,618.0,1.0,1,0.003997418931961374,,,,0.006083440971765927,,,,0.005379145115291301,,,,0.1,0.9,1e-05,6.167154822859047,7.607985355999762,7.154044694855538,,
concrete,passive,1004,200,156,96408,123600,1.0033486745960216,618,618.0,1.0,1,0.004938246523306366,,,,0.00421972757056188,,,,0.004954783103987855,,,,0.1,0.9,1e-05,6.976262078562584,6.4487955853562635,6.987932932054637,,
concrete,passive,1000,200,191,118038,123600,1.1264930270613231,618,618.0,1.0,1,0.0071691177959387325,,,,0.0075205949589676685,,,,0.008075961207306224,,,,0.1,0.9,0.0001,8.495367264155941,8.701124846569273,9.01667492613705,,
concrete,passive,1001,200,189,116802,123600,1.107299380291182,618,618.0,1.0,1,0.010114075368102885,,,,0.00941415792968823,,,,0.011199309387318631,,,,0.1,0.9,0.0001,10.090493181315747,9.735091555880773,10.618053804400333,,
concrete,passive,1002,200,166,102588,123600,1.1317098678563668,618,618.0,1.0,1,0.007518025698029339,,,,0.006869995951026846,,,,0.008508223869257554,,,,0.1,0.9,0.0001,8.699638436919502,8.316250087420196,9.2548365861094,,
concrete,passive,1003,200,189,116802,123600,0.9580242509760536,618,618.0,1.0,1,0.008232429864502538,,,,0.009282668700158028,,,,0.007886867454652939,,,,0.1,0.9,0.0001,8.85032132059854,9.39791351624603,8.662580628125236,,
concrete,passive,1004,200,134,82812,123600,0.9408980701877574,618,618.0,1.0,1,0.007920782435568702,,,,0.007638933520192982,,,,0.007452648908003677,,,,0.1,0.9,0.0001,8.835282624620996,8.676663789365147,8.570215356993026,,
concrete,passive,1000,200,168,103824,123600,1.1516638650341322,618,618.0,1.0,1,0.011540929730343003,,,,0.012653159196964772,,,,0.013291271739334148,,,,0.1,0.9,0.0003,10.778782257944709,11.286227144877747,11.567315177721028,,
concrete,passive,1001,200,157,97026,123600,1.0198045102095274,618,618.0,1.0,1,0.01924745032981228,,,,0.01671664113347968,,,,0.01962863665637642,,,,0.1,0.9,0.0003,13.919893234409782,12.972503905489278,14.057055788416031,,
concrete,passive,1002,200,92,56856,123600,1.0286485746474248,618,618.0,1.0,1,0.012451560788977096,,,,0.011369866524162909,,,,0.012808280257717053,,,,0.1,0.9,0.0003,11.19595636161083,10.69860081913839,11.355197999464052,,
concrete,passive,1003,200,189,116802,123600,1.0130512279915511,618,618.0,1.0,1,0.014860595585915628,,,,0.017101396794105547,,,,0.01505454460699765,,,,0.1,0.9,0.0003,11.890856185402793,12.755891328275542,11.968199783777232,,
concrete,passive,1004,200,94,58092,123600,0.9088827476368448,618,618.0,1.0,1,0.012531016612166171,,,,0.012870174640781353,,,,0.011389224809148536,,,,0.1,0.9,0.0003,11.112955031743372,11.262339740617783,10.594573710362802,,
concrete,passive,1000,200,176,108768,123600,1.1178505076561038,618,618.0,1.0,1,0.012791656028758291,,,,0.014022360257291816,,,,0.014299159185509717,,,,0.1,0.9,0.001,11.347826490551988,11.881187805048343,11.997881023426165,,
concrete,passive,1001,200,122,75396,123600,1.0029865184676363,618,618.0,1.0,1,0.020691398672503004,,,,0.017326573351774156,,,,0.02075319391675966,,,,0.1,0.9,0.001,14.432588350639582,13.207044501672152,14.454123879385707,,
concrete,passive,1002,200,40,24720,123600,1.0176312572532429,618,618.0,1.0,1,0.015561326762323755,,,,0.014990977978042117,,,,0.015835692517672056,,,,0.1,0.9,0.001,12.516203382343175,12.284692316070172,12.62605947368929,,
concrete,passive,1003,200,67,41406,123600,0.9848517324589836,618,618.0,1.0,1,0.02471280470752793,,,,0.025772740689932083,,,,0.024338448530129408,,,,0.1,0.9,0.001,15.334020424151936,15.659407323270248,15.217435301728425,,
concrete,passive,1004,200,8,4944,123600,0.8788584073735032,618,618.0,1.0,1,0.014197181516637703,,,,0.014205666312709109,,,,0.012477312336904748,,,,0.1,0.9,0.001,11.828712373364773,11.83224649812162,11.089116023699052,,
concrete,passive,1000,200,136,84048,123600,0.9644334447094477,618,618.0,1.0,1,0.0242975822671071,,,,0.025158112260710037,,,,0.02343340096397729,,,,0.1,0.9,0.003,15.63978689307488,15.914328770969728,15.359142237842978,,
concrete,passive,1001,200,2,1236,123600,1.03187870427891,618,618.0,1.0,1,0.0340022256239394,,,,0.03044003319493061,,,,0.035086172519429734,,,,0.1,0.9,0.003,18.501330994679893,17.505392842788723,18.793916704479376,,
concrete,passive,1002,200,166,102588,123600,0.9872198855374057,618,618.0,1.0,1,0.02531185633311253,,,,0.025241764844105955,,,,0.02498836791191461,,,,0.1,0.9,0.003,15.962881838092418,15.94076497353992,15.860550105403744,,
concrete,passive,1003,200,142,87756,123600,0.9672003073020913,618,618.0,1.0,1,0.05443000960875322,,,,0.052928958885907214,,,,0.0526447220200419,,,,0.1,0.9,0.003,22.756958854058343,22.440973584830463,22.380636685503394,,
concrete,passive,1004,200,81,50058,123600,0.9587524439614193,618,618.0,1.0,1,0.02608268862896481,,,,0.02521506561100168,,,,0.025006841468104734,,,,0.1,0.9,0.003,16.032918412641774,15.764001060401,15.69877715153482,,
concrete,passive,1000,200,112,69216,123600,0.9484500969078051,618,618.0,1.0,1,0.027855719680911682,,,,0.028535828536698258,,,,0.02641976003079734,,,,0.1,0.9,0.01,16.745822833024214,16.949018115171736,16.30848936627087,,
concrete,passive,1001,200,119,73542,123600,1.0254761599544715,618,618.0,1.0,1,0.033401344484310744,,,,0.030122712664580453,,,,0.03425228247908745,,,,0.1,0.9,0.01,18.337126235713523,17.41391178330729,18.56923699101163,,
concrete,passive,1002,200,93,57474,123600,0.9817321298752324,618,618.0,1.0,1,0.027853567993473986,,,,0.027729086750153155,,,,0.02734474263085782,,,,0.1,0.9,0.01,16.745176063296615,16.70771597045022,16.591521743829574,,
concrete,passive,1003,200,184,113712,123600,0.9709232564299642,618,618.0,1.0,1,0.06309595861892708,,,,0.06122654802447958,,,,0.061261333609858956,,,,0.1,0.9,0.01,24.501675867221362,24.135978261340615,24.14283366101605,,
concrete,passive,1004,200,55,33990,123600,0.9810129683429335,618,618.0,1.0,1,0.028724172849439306,,,,0.027677834515780878,,,,0.028178786070223952,,,,0.1,0.9,0.01,16.825197462531733,16.515908125401165,16.664701698577346,,
concrete,passive,1000,200,112,69216,123600,0.9483316592492635,618,618.0,1.0,1,0.027844944762922517,,,,0.028540267941912504,,,,0.0264062426687264,,,,0.1,0.9,0.03,16.742583779757805,16.950336468922366,16.304316808307938,,
concrete,passive,1001,200,80,49440,123600,1.0096428921192648,618,618.0,1.0,1,0.030922511905621147,,,,0.027994073595058445,,,,0.031220694351983734,,,,0.1,0.9,0.03,17.643578870132572,16.78735793690733,17.728442342454343,,
concrete,passive,1002,200,58,35844,123600,0.9823311011821328,618,618.0,1.0,1,0.027832624566878853,,,,0.027651333236899996,,,,0.027340852739570987,,,,0.1,0.9,0.03,16.738879431663875,16.68427496106892,16.590341599036535,,
concrete,passive,1003,200,6,3708,123600,0.9733896504946735,618,618.0,1.0,1,0.0666448708585503,,,,0.06469002657037691,,,,0.06487142755226692,,,,0.1,0.9,0.03,25.18131374698441,24.809252746954392,24.84401291393523,,
concrete,passive,1004,200,31,19158,123600,0.9811586716958042,618,618.0,1.0,1,0.028719323962508553,,,,0.027673527932330206,,,,0.02817821375105637,,,,0.1,0.9,0.03,16.82377728371928,16.514623163899397,16.66453246530008,,
concrete,passive,1000,200,95,58710,123600,0.9487534785894508,618,618.0,1.0,1,0.027861256738445157,,,,0.028503872031462225,,,,0.02643346424847362,,,,0.1,0.9,0.1,16.747487086869175,16.939525082403964,16.312718513567543,,
concrete,passive,1001,200,172,106296,123600,0.9593880422714075,618,618.0,1.0,1,0.02832862253847674,,,,0.026313727944070334,,,,0.02717814171743487,,,,0.1,0.9,0.1,16.88737040908468,16.27573052123871,16.540901669752774,,
concrete,passive,1002,200,110,67980,123600,0.9843791848403235,618,618.0,1.0,1,0.027969325952499582,,,,0.027593427707435562,,,,0.027532422281654843,,,,0.1,0.9,0.1,16.779936019727216,16.666796272272087,16.648362034612866,,
concrete,passive,1003,200,117,72306,123600,0.9781315957684381,618,618.0,1.0,1,0.07463129153937456,,,,0.07249638047589892,,,,0.07299922428766797,,,,0.1,0.9,0.1,26.64744027488773,26.26353501842147,26.35446117672846,,
concrete,passive,1004,200,65,40170,123600,0.9717718009230104,618,618.0,1.0,1,0.02903456038479835,,,,0.02814879554411506,,,,0.028214967034143387,,,,0.1,0.9,0.1,16.915858026552026,16.655831262851873,16.67539682844197,,
auto_mpg,passive,1000,200,181,43259,47800,1.5528401986340088,239,239.0,1.0,1,0.0029024871809664853,,,,0.005049754524180986,,,,0.0045070987706246615,,,,0.1,0.9,0.0,2.3300823327613602,3.0734152741109195,2.903585704629122,0,0
auto_mpg,passive,1001,200,192,45888,47800,0.6660332478314527,239,239.0,1.0,1,0.0036536177750788605,,,,0.002659202782956047,,,,0.0024334309130704993,,,,0.1,0.9,0.0,2.765366224273197,2.359211229394465,2.2568391591977974,0,0
auto_mpg,passive,1002,200,107,25573,47800,1.108533129960908,239,239.0,1.0,1,0.0036375102093976434,,,,0.004741200837462063,,,,0.004032300577688328,,,,0.1,0.9,0.0,2.7592637084297245,3.1501793088426635,2.9051432198581493,0,0
auto_mpg,passive,1003,200,185,44215,47800,1.325829987084424,239,239.0,1.0,1,0.0031115556746384417,,,,0.004652219871038093,,,,0.004125393819918351,,,,0.1,0.9,0.0,2.377678770232879,2.907331193573897,2.7377708735105264,0,0
auto_mpg,passive,1004,200,185,44215,47800,1.6724744658387,239,239.0,1.0,1,0.003097764330864434,,,,0.0034410930266214643,,,,0.005180931744556673,,,,0.1,0.9,0.0,2.5463335120855515,2.6837329921273634,3.293025045393848,0,0
auto_mpg,passive,1000,200,181,43259,47800,1.5452229866330915,239,239.0,1.0,1,0.0029224649106583413,,,,0.005065585189728522,,,,0.004515859957577893,,,,0.1,0.9,1e-06,2.3380875239056693,3.078228987008855,2.9064064223533497,0,0
auto_mpg,passive,1001,200,192,45888,47800,0.6619903037620912,239,239.0,1.0,1,0.0036928697911929862,,,,0.002709684297502902,,,,0.002444643994825695,,,,0.1,0.9,1e-06,2.780181159084578,2.381499231564471,2.2620328625861865,0,0
auto_mpg,passive,1002,200,107,25573,47800,1.1043919624249665,239,239.0,1.0,1,0.0036751945655083217,,,,0.004775955279043022,,,,0.004058855338495307,,,,0.1,0.9,1e-06,2.773519771926867,3.161704112696504,2.914693449049031,0,0
auto_mpg,passive,1003,200,185,44215,47800,1.3262905490072796,239,239.0,1.0,1,0.003128483924467461,,,,0.004634092744967717,,,,0.004149278661742397,,,,0.1,0.9,1e-06,2.384137813304453,2.9016615350023787,2.745684887424685,0,0
auto_mpg,passive,1004,200,185,44215,47800,1.6663421686058624,239,239.0,1.0,1,0.003141352054423425,,,,0.003468207823802882,,,,0.005234567394722411,,,,0.1,0.9,1e-06,2.5641852866771604,2.6942857565982896,3.3100266943963117,0,0
auto_mpg,passive,1000,200,181,43259,47800,1.4731178438717385,239,239.0,1.0,1,0.0031393000088685294,,,,0.005218471902986373,,,,0.0046245588603309375,,,,0.1,0.9,1e-05,2.423273998713133,3.1243363853832946,2.9411777204340765,0,0
auto_mpg,passive,1001,200,196,46844,47800,0.6237062297295296,239,239.0,1.0,1,0.004144621542600776,,,,0.003186244252029438,,,,0.0025850262759913173,,,,0.1,0.9,1e-05,2.9453271342093457,2.5824423245763626,2.3260742807984607,0,0
auto_mpg,passive,1002,200,107,25573,47800,1.081640984831818,239,239.0,1.0,1,0.004018697615899178,,,,0.005100314420396839,,,,0.004346788047002466,,,,0.1,0.9,1e-05,2.9002388313168237,3.267304217782889,3.016305531047725,0,0
auto_mpg,passive,1003,200,185,44215,47800,1.3694916767321854,239,239.0,1.0,1,0.0032549269939344616,,,,0.004675908630290674,,,,0.004457595426564158,,,,0.1,0.9,1e-05,2.431840114057451,2.9147237525590173,2.8458677658259695,0,0
auto_mpg,passive,1004,200,134,32026,47800,1.5990940273410783,239,239.0,1.0,1,0.003640172102254927,,,,0.003794188656862673,,,,0.0058209774672094705,,,,0.1,0.9,1e-05,2.760273124307802,2.818062099316591,3.4905113737045923,0,0
auto_mpg,passive,1000,200,179,42781,47800,1.1366514484623105,239,239.0,1.0,1,0.004069485863328992,,,,0.005254698079864467,,,,0.004625587001049794,,,,0.1,0.9,0.0001,2.7590265765706823,3.1351620655105656,2.941504646375934,0,0
auto_mpg,passive,1001,200,196,46844,47800,0.7535554844332727,239,239.0,1.0,1,0.005758768160864797,,,,0.00457070479325143,,,,0.004339551331199379,,,,0.1,0.9,0.0001,3.471809569043221,3.0930196897732194,3.013793648901414,0,0
auto_mpg,passive,1002,200,128,30592,47800,0.9417578423540437,239,239.0,1.0,1,0.008484164673544545,,,,0.008314442200402323,,,,0.00799002861713371,,,,0.1,0.9,0.0001,4.214010788075991,4.171648017040699,4.089453419767662,0,0
auto_mpg,passive,1003,200,185,44215,47800,1.4037865361667248,239,239.0,1.0,1,0.0040203623906417746,,,,0.0051236613538252,,,,0.005643730594493989,,,,0.1,0.9,0.0001,2.7026947176215863,3.051087065201486,3.2021931870456855,0,0
auto_mpg,passive,1004,200,134,32026,47800,1.1900951095995156,239,239.0,1.0,1,0.009059199456956641,,,,0.008424231916353574,,,,0.010781308970610685,,,,0.1,0.9,0.0001,4.3544770826559995,4.199100369772411,4.750363513174421,0,0
auto_mpg,passive,1000,200,179,42781,47800,0.9039194818242747,239,239.0,1.0,1,0.00527259012812266,,,,0.005872150541548517,,,,0.004765996936484421,,,,0.1,0.9,0.0003,3.140495083826186,3.314245705643344,2.985815658158192,0,0
auto_mpg,passive,1001,200,196,46844,47800,0.9196516025648578,239,239.0,1.0,1,0.008566240675140538,,,,0.007224788927178533,,,,0.007877956964849265,,,,0.1,0.9,0.0003,4.234344946164795,3.8886931961640547,4.060671902498381,0,0
auto_mpg,passive,1002,200,187,44693,47800,0.8762282660963043,239,239.0,1.0,1,0.012607255998229911,,,,0.011885034699459613,,,,0.011046834063561228,,,,0.1,0.9,0.0003,5.13690322643858,4.987596659778905,4.808504353971474,0,0
auto_mpg,passive,1003,200,76,18164,47800,1.5605771371163393,239,239.0,1.0,1,0.004995193450001278,,,,0.0061347205015007174,,,,0.007795384693545284,,,,0.1,0.9,0.0003,3.012593591802374,3.3385799625247787,3.7634241546723013,0,0
auto_mpg,passive,1004,200,134,32026,47800,1.1492194507608908,239,239.0,1.0,1,0.011753482989785796,,,,0.011497731633265496,,,,0.013507331266049106,,,,0.1,0.9,0.0003,4.959916782599132,4.905657032106073,5.317112801892105,0,0
auto_mpg,passive,1000,200,127,30353,47800,0.8816157597599698,239,239.0,1.0,1,0.006547036416557169,,,,0.006612769397331358,,,,0.005771970484559239,,,,0.1,0.9,0.001,3.499520082375042,3.5170439940091223,3.2858532437592736,0,0
auto_mpg,passive,1001,200,75,17925,47800,1.0566744003254704,239,239.0,1.0,1,0.01349643625621162,,,,0.012760767632672991,,,,0.014261338687563352,,,,0.1,0.9,0.001,5.314967978409366,5.1680832233199965,5.463503748213053,0,0
auto_mpg,passive,1002,200,187,44693,47800,0.8561017085145367,239,239.0,1.0,1,0.01476860268361745,,,,0.014614521095637161,,,,0.01264342598981727,,,,0.1,0.9,0.001,5.559820901295207,5.530741908707824,5.14426679039996,0,0
auto_mpg,passive,1003,200,76,18164,47800,1.5448451663640401,239,239.0,1.0,1,0.00601321553524636,,,,0.00704805128087095,,,,0.009289486953930493,,,,0.1,0.9,0.001,3.30535246714983,3.578482680792751,4.108282093242395,0,0
auto_mpg,passive,1004,200,105,25095,47800,1.1657446002267409,239,239.0,1.0,1,0.012104790157843433,,,,0.012556023941685762,,,,0.014111093763383781,,,,0.1,0.9,0.001,5.0334960365288035,5.126455194522298,5.4346482121773505,0,0
auto_mpg,passive,1000,200,158,37762,47800,0.887658452049562,239,239.0,1.0,1,0.009027986772301825,,,,0.008865112750066113,,,,0.008013768763425359,,,,0.1,0.9,0.003,4.109429827453418,4.072191973439556,3.8717251106625383,0,0
auto_mpg,passive,1001,200,95,22705,47800,1.145656599060014,239,239.0,1.0,1,0.026894143626270437,,,,0.028055485573575446,,,,0.030811453121504545,,,,0.1,0.9,0.003,7.502741065354758,7.66302060373987,8.030585103162105,0,0
auto_mpg,passive,1002,200,187,44693,47800,0.8390145477557643,239,239.0,1.0,1,0.01962132319697741,,,,0.021016774667761796,,,,0.01646257560848169,,,,0.1,0.9,0.003,6.4084831110001,6.6324522559941705,5.87002552460615,0,0
auto_mpg,passive,1003,200,146,34894,47800,1.4188596368022384,239,239.0,1.0,1,0.008867869593072581,,,,0.009603361805747487,,,,0.012582262230036575,,,,0.1,0.9,0.003,4.0139692484342895,4.177111206724772,4.781275382891583,0,0
auto_mpg,passive,1004,200,191,45649,47800,1.1733052878702206,239,239.0,1.0,1,0.013412227667799698,,,,0.014664851182940423,,,,0.015736637644748662,,,,0.1,0.9,0.003,5.2983611402898925,5.5402572213836105,5.739143327214589,0,0
auto_mpg,passive,1000,200,35,8365,47800,0.8484621816303493,239,239.0,1.0,1,0.02309110233588835,,,,0.022711842650361656,,,,0.019591927064157483,,,,0.1,0.9,0.01,6.572164796562481,6.517969098397685,6.053752891302063,0,0
auto_mpg,passive,1001,200,95,22705,47800,1.1856739610377254,239,239.0,1.0,1,0.07354744438676879,,,,0.07888157394954472,,,,0.08720328971026196,,,,0.1,0.9,0.01,12.407231674180233,12.849282640473316,13.510067933551822,0,0
auto_mpg,passive,1002,200,87,20793,47800,0.777049976390087,239,239.0,1.0,1,0.03623592838744366,,,,0.041235636224880405,,,,0.02815712729793598,,,,0.1,0.9,0.01,8.708849686407715,9.29025101092208,7.6768891652176485,0,0
auto_mpg,passive,1003,200,60,14340,47800,1.1192807656367143,239,239.0,1.0,1,0.026148149619082146,,,,0.02611127954041524,,,,0.029267120925629626,,,,0.1,0.9,0.01,6.892628519223104,6.887767345354717,7.292129841858124,0,0
auto_mpg,passive,1004,200,154,36806,47800,1.1111242850100427,239,239.0,1.0,1,0.02352884659950885,,,,0.025338979956450448,,,,0.026143472854990246,,,,0.1,0.9,0.01,7.017645366195452,7.28258667885924,7.397291575471932,0,0
auto_mpg,passive,1000,200,153,36567,47800,0.8742679419257089,239,239.0,1.0,1,0.03394738956648857,,,,0.03235872530043824,,,,0.029679114410044248,,,,0.1,0.9,0.03,7.968733518945452,7.780039723214851,7.450948828749154,0,0
auto_mpg,passive,1001,200,88,21032,47800,1.187185832657969,239,239.0,1.0,1,0.08561911481278954,,,,0.09166155510404901,,,,0.10164580011045979,,,,0.1,0.9,0.03,13.38679044796938,13.851114167458466,14.58598685361053,0,0
auto_mpg,passive,1002,200,86,20554,47800,0.7627211044185864,239,239.0,1.0,1,0.042816463981437854,,,,0.04851959107370528,,,,0.032657020695220904,,,,0.1,0.9,0.03,9.466653851395868,10.07742708193452,8.267598525502482,0,0
auto_mpg,passive,1003,200,114,27246,47800,1.0665932692644269,239,239.0,1.0,1,0.0367986934356177,,,,0.03610779255844695,,,,0.03924923873615489,,,,0.1,0.9,0.03,8.176747587850738,8.099624052317923,8.44461804335203,0,0
auto_mpg,passive,1004,200,143,34177,47800,1.071706929417343,239,239.0,1.0,1,0.030135522432535866,,,,0.031809411939734744,,,,0.03229644821256047,,,,0.1,0.9,0.03,7.942010571728647,8.159600926400202,8.221829762096899,0,0
auto_mpg,passive,1000,200,155,37045,47800,0.8733588669408517,239,239.0,1.0,1,0.03343635082350377,,,,0.03325562685220101,,,,0.029201933469852066,,,,0.1,0.9,0.1,7.908526031270951,7.887124222663179,7.390807917690741,0,0
auto_mpg,passive,1001,200,122,29158,47800,1.1864258085369224,239,239.0,1.0,1,0.07650780396406912,,,,0.0818380284246941,,,,0.09077083317745506,,,,0.1,0.9,0.1,12.654470175971193,13.087861107517199,13.783650714432914,0,0
auto_mpg,passive,1002,200,13,3107,47800,0.7782419007664592,239,239.0,1.0,1,0.03483154036277857,,,,0.036937866977118004,,,,0.02710736417855244,,,,0.1,0.9,0.1,8.538418527489048,8.792796153658633,7.5324237424597555,0,0
auto_mpg,passive,1003,200,4,956,47800,1.0572511311944033,239,239.0,1.0,1,0.03897971509490583,,,,0.037818336747249826,,,,0.04121134787772475,,,,0.1,0.9,0.1,8.415573594301543,8.28925699258813,8.653121494735396,0,0
auto_mpg,passive,1004,200,139,33221,47800,0.9980515724589504,239,239.0,1.0,1,0.029002135361919076,,,,0.02946081211020384,,,,0.028945626802630665,,,,0.1,0.9,0.1,7.791231093091562,7.852599636261454,7.7836370675655955,0,0
